CREATE DATABASE  IF NOT EXISTS `cerberus` /*!40100 DEFAULT CHARACTER SET utf8 */;
USE `cerberus`;
-- MySQL dump 10.13  Distrib 5.6.13, for Win32 (x86)
--
-- Host: localhost    Database: cerberus
-- ------------------------------------------------------
-- Server version	5.6.14

/*!40101 SET @OLD_CHARACTER_SET_CLIENT=@@CHARACTER_SET_CLIENT */;
/*!40101 SET @OLD_CHARACTER_SET_RESULTS=@@CHARACTER_SET_RESULTS */;
/*!40101 SET @OLD_COLLATION_CONNECTION=@@COLLATION_CONNECTION */;
/*!40101 SET NAMES utf8 */;
/*!40103 SET @OLD_TIME_ZONE=@@TIME_ZONE */;
/*!40103 SET TIME_ZONE='+00:00' */;
/*!40014 SET @OLD_UNIQUE_CHECKS=@@UNIQUE_CHECKS, UNIQUE_CHECKS=0 */;
/*!40014 SET @OLD_FOREIGN_KEY_CHECKS=@@FOREIGN_KEY_CHECKS, FOREIGN_KEY_CHECKS=0 */;
/*!40101 SET @OLD_SQL_MODE=@@SQL_MODE, SQL_MODE='NO_AUTO_VALUE_ON_ZERO' */;
/*!40111 SET @OLD_SQL_NOTES=@@SQL_NOTES, SQL_NOTES=0 */;

--
-- Table structure for table `connection_event`
--

DROP TABLE IF EXISTS `connection_event`;
/*!40101 SET @saved_cs_client     = @@character_set_client */;
/*!40101 SET character_set_client = utf8 */;
CREATE TABLE `connection_event` (
  `ID` int(11) NOT NULL AUTO_INCREMENT,
  `OUTLET_ID` int(11) NOT NULL,
  `EVENT_ID` int(11) NOT NULL,
  `TIMESTAMP` timestamp NULL DEFAULT NULL,
  PRIMARY KEY (`ID`),
  KEY `CONNECTION_EVENT_FKIndex1` (`EVENT_ID`),
  KEY `CONNECTION_EVENT_FKIndex2` (`OUTLET_ID`),
  CONSTRAINT `fk_?0905D9E0?F215?41D3?9D86?75BC8BF3A8A4?` FOREIGN KEY (`OUTLET_ID`) REFERENCES `outlet` (`ID`) ON DELETE NO ACTION ON UPDATE NO ACTION,
  CONSTRAINT `fk_?3AD07AA9?3F08?406A?AA34?C28B9486A2BB?` FOREIGN KEY (`EVENT_ID`) REFERENCES `event` (`ID`) ON DELETE NO ACTION ON UPDATE NO ACTION
) ENGINE=InnoDB DEFAULT CHARSET=utf8 PACK_KEYS=0;
/*!40101 SET character_set_client = @saved_cs_client */;

--
-- Dumping data for table `connection_event`
--

LOCK TABLES `connection_event` WRITE;
/*!40000 ALTER TABLE `connection_event` DISABLE KEYS */;
/*!40000 ALTER TABLE `connection_event` ENABLE KEYS */;
UNLOCK TABLES;

--
-- Table structure for table `consumption_profile`
--

DROP TABLE IF EXISTS `consumption_profile`;
/*!40101 SET @saved_cs_client     = @@character_set_client */;
/*!40101 SET character_set_client = utf8 */;
CREATE TABLE `consumption_profile` (
  `ID` int(11) NOT NULL AUTO_INCREMENT,
  `PROFILE_NAME` text NOT NULL,
  `AVERAGE_HOURLY_CONSUMPTION` int(11) DEFAULT NULL,
  PRIMARY KEY (`ID`)
) ENGINE=InnoDB AUTO_INCREMENT=20 DEFAULT CHARSET=utf8 PACK_KEYS=0;
/*!40101 SET character_set_client = @saved_cs_client */;

--
-- Dumping data for table `consumption_profile`
--

LOCK TABLES `consumption_profile` WRITE;
/*!40000 ALTER TABLE `consumption_profile` DISABLE KEYS */;
INSERT INTO `consumption_profile` VALUES (1,'Kitchen Appliance',NULL),(2,'Electronic Device',NULL),(3,'Home Appliance',NULL),(4,'Clothes Dryer',85),(5,'Freezer',147),(6,'Range (Oven)',22),(7,'Air Conditioner (12 000 BTU)',300),(8,'Computer (With monitor and printer)',30),(9,'Ceiling Fan',12),(10,'Hair Dryer',10),(11,'Portable Heater',60),(12,'Microwave Oven',17),(13,'Toaster',5),(14,'Clothes Iron',5),(15,'Satellite Dish (Including receiver)',66),(16,'Refrigerator',150),(17,'Dishwasher',30),(18,'Laptop',15),(19,'Clothes Washer',10);
/*!40000 ALTER TABLE `consumption_profile` ENABLE KEYS */;
UNLOCK TABLES;

--
-- Table structure for table `current`
--

DROP TABLE IF EXISTS `current`;
/*!40101 SET @saved_cs_client     = @@character_set_client */;
/*!40101 SET character_set_client = utf8 */;
CREATE TABLE `current` (
  `ID` int(11) NOT NULL AUTO_INCREMENT,
  `RFID_TAG_ID` int(11) DEFAULT NULL,
  `USERS_ID` int(11) NOT NULL,
  `SOCKET_ID` int(11) NOT NULL,
  `TIMESTAMP` timestamp NULL DEFAULT NULL,
  `CURRENT` int(11) DEFAULT NULL,
  PRIMARY KEY (`ID`),
  KEY `CURRENT_FKIndex1` (`SOCKET_ID`),
  KEY `CURRENT_FKIndex2` (`USERS_ID`),
  KEY `CURRENT_FKIndex3` (`RFID_TAG_ID`),
  CONSTRAINT `fk_?01A8162B?8EAC?4B02?A493?867D7E7F7719?` FOREIGN KEY (`RFID_TAG_ID`) REFERENCES `rfid_tag` (`ID`) ON DELETE NO ACTION ON UPDATE NO ACTION,
  CONSTRAINT `fk_?620A4C79?2344?4454?B471?0E8D01FE0A66?` FOREIGN KEY (`USERS_ID`) REFERENCES `users` (`ID`) ON DELETE NO ACTION ON UPDATE NO ACTION,
  CONSTRAINT `fk_?98F77DA9?88D3?44E2?809F?A02D07A0174E?` FOREIGN KEY (`SOCKET_ID`) REFERENCES `socket` (`ID`) ON DELETE NO ACTION ON UPDATE NO ACTION
) ENGINE=InnoDB AUTO_INCREMENT=1227 DEFAULT CHARSET=utf8 PACK_KEYS=0;
/*!40101 SET character_set_client = @saved_cs_client */;

--
-- Dumping data for table `current`
--

LOCK TABLES `current` WRITE;
/*!40000 ALTER TABLE `current` DISABLE KEYS */;
INSERT INTO `current` VALUES (1,5,5,4,'2013-05-28 04:23:58',5740),(2,5,4,13,'2013-05-28 05:24:05',866),(3,9,2,1,'2013-05-28 06:24:05',5515),(4,8,3,7,'2013-05-28 07:24:06',4203),(5,6,3,12,'2013-05-28 08:24:06',4673),(6,9,3,7,'2013-05-29 09:24:06',4156),(7,NULL,2,11,'2013-05-29 10:24:06',4834),(8,7,3,2,'2013-05-29 11:24:06',5252),(9,NULL,4,3,'2013-05-29 12:24:06',4148),(10,4,5,4,'2013-05-29 13:24:06',1978),(11,NULL,3,7,'2013-05-29 14:24:06',2110),(12,NULL,2,1,'2013-05-29 15:24:06',1886),(13,7,5,9,'2013-05-29 16:24:06',805),(14,NULL,6,15,'2013-05-29 17:24:06',4642),(15,9,6,10,'2013-05-29 18:24:06',5492),(16,1,3,2,'2013-05-30 19:24:06',665),(17,NULL,2,11,'2013-05-30 20:24:06',2042),(18,NULL,4,3,'2013-05-21 21:24:06',5055),(19,NULL,3,2,'2013-05-21 22:24:06',1057),(20,9,3,2,'2013-05-21 23:24:06',5371),(21,NULL,3,7,'2013-05-22 00:24:06',2894),(22,NULL,5,14,'2013-05-29 01:24:06',83),(23,2,5,4,'2013-05-29 02:24:06',4798),(24,NULL,6,5,'2013-05-29 03:24:06',2716),(25,10,3,7,'2013-05-28 22:24:06',4813),(26,2,2,16,'2013-05-28 22:24:06',1282),(27,NULL,3,7,'2013-05-28 22:24:06',1649),(28,NULL,2,11,'2013-05-28 22:24:07',560),(29,NULL,3,2,'2013-05-28 22:24:07',5281),(30,NULL,5,4,'2013-05-28 22:24:07',299),(31,6,6,10,'2013-05-28 22:24:07',3394),(32,1,2,16,'2013-05-28 22:24:07',4465),(33,7,3,17,'2013-05-28 22:24:07',2655),(34,1,2,11,'2013-05-28 22:24:07',5849),(35,6,2,11,'2013-05-28 22:24:07',1893),(36,10,5,4,'2013-05-28 22:24:07',1930),(37,10,5,4,'2013-05-28 22:24:07',4760),(38,4,4,8,'2013-05-28 22:24:07',3136),(39,6,6,15,'2013-05-28 22:24:07',5232),(40,NULL,2,6,'2013-05-28 22:24:07',4202),(41,9,3,12,'2013-05-28 22:24:07',5645),(42,10,5,4,'2013-05-28 22:24:07',727),(43,4,6,10,'2013-05-28 22:24:07',1670),(44,9,2,16,'2013-05-28 22:24:07',719),(45,5,6,10,'2013-05-28 22:24:07',2648),(46,NULL,3,2,'2013-05-28 22:24:07',3434),(47,6,6,10,'2013-05-28 22:24:07',5463),(48,3,3,12,'2013-05-28 22:24:08',5625),(49,NULL,6,10,'2013-05-28 22:24:08',4595),(50,NULL,5,9,'2013-05-28 22:24:08',1831),(51,NULL,2,1,'2013-05-28 22:24:08',4929),(52,NULL,5,9,'2013-05-28 22:24:08',5023),(53,7,3,17,'2013-05-28 22:24:08',2299),(54,3,4,13,'2013-05-28 22:24:08',627),(55,NULL,5,14,'2013-05-28 22:24:08',2033),(56,8,5,4,'2013-05-28 22:24:08',4465),(57,NULL,2,16,'2013-05-28 22:24:08',1521),(58,3,2,1,'2013-05-28 22:24:08',3495),(59,NULL,3,2,'2013-05-28 22:24:08',4145),(60,NULL,3,12,'2013-05-28 22:24:08',4909),(61,NULL,5,4,'2013-05-28 22:24:08',1921),(62,NULL,3,2,'2013-05-28 22:24:08',4964),(63,8,4,8,'2013-05-28 22:24:08',5292),(64,7,2,1,'2013-05-28 22:24:08',4206),(65,NULL,3,12,'2013-05-28 22:24:08',4371),(66,NULL,4,13,'2013-05-28 22:24:08',5532),(67,5,6,15,'2013-05-28 22:24:08',3219),(68,NULL,2,6,'2013-05-28 22:24:08',2773),(69,NULL,6,15,'2013-05-28 22:24:08',2828),(70,4,3,12,'2013-05-28 22:24:08',5796),(71,1,3,12,'2013-05-28 22:24:08',2709),(72,NULL,5,14,'2013-05-28 22:24:08',816),(73,NULL,2,16,'2013-05-28 22:24:08',3603),(74,1,4,8,'2013-05-28 22:24:08',3055),(75,NULL,4,13,'2013-05-28 22:24:08',244),(76,5,2,1,'2013-05-28 22:24:08',4080),(77,3,3,17,'2013-05-28 22:24:08',2581),(78,NULL,5,4,'2013-05-28 22:24:09',4070),(79,NULL,3,17,'2013-05-28 22:24:09',292),(80,4,3,2,'2013-05-28 22:24:09',1255),(81,NULL,2,16,'2013-05-28 22:24:09',3967),(82,NULL,2,11,'2013-05-28 22:24:09',855),(83,6,5,4,'2013-05-28 22:24:09',4290),(84,3,2,16,'2013-05-28 22:24:09',3981),(85,NULL,2,11,'2013-05-28 22:24:09',929),(86,7,2,6,'2013-05-28 22:24:09',3325),(87,NULL,5,4,'2013-05-28 22:24:09',67),(88,NULL,4,3,'2013-05-28 22:24:09',1441),(89,NULL,2,6,'2013-05-28 22:24:09',2495),(90,2,3,17,'2013-05-28 22:24:09',900),(91,NULL,2,11,'2013-05-28 22:24:09',4953),(92,NULL,3,7,'2013-05-28 22:24:09',2611),(93,5,2,11,'2013-05-28 22:24:09',1458),(94,5,2,11,'2013-05-28 22:24:09',5114),(95,NULL,6,5,'2013-05-28 22:24:09',1919),(96,8,3,12,'2013-05-28 22:24:09',768),(97,2,5,9,'2013-05-28 22:24:09',5346),(98,NULL,6,10,'2013-05-28 22:24:09',913),(99,NULL,3,7,'2013-05-28 22:24:09',5023),(100,9,2,6,'2013-05-28 22:24:09',4411),(101,9,2,1,'2013-05-28 22:24:09',4597),(102,NULL,3,17,'2013-05-28 22:24:09',2737),(103,4,2,11,'2013-05-28 22:24:10',882),(104,NULL,5,9,'2013-05-28 22:24:10',5779),(105,9,2,16,'2013-05-28 22:24:10',5528),(106,NULL,5,4,'2013-05-28 22:24:10',5936),(107,4,4,13,'2013-05-28 22:24:10',2031),(108,NULL,5,14,'2013-05-28 22:24:10',4461),(109,6,3,12,'2013-05-28 22:24:10',4301),(110,NULL,3,7,'2013-05-28 22:24:10',352),(111,NULL,4,13,'2013-05-28 22:24:10',5683),(112,1,6,15,'2013-05-28 22:24:10',1437),(113,NULL,5,14,'2013-05-28 22:24:10',2315),(114,NULL,4,3,'2013-05-28 22:24:10',5449),(115,9,6,5,'2013-05-28 22:24:10',4187),(116,NULL,2,1,'2013-05-28 22:24:10',2547),(117,10,4,8,'2013-05-28 22:24:10',2397),(118,4,4,8,'2013-05-28 22:24:10',1738),(119,NULL,4,8,'2013-05-28 22:24:10',3022),(120,10,4,8,'2013-05-28 22:24:10',3216),(121,2,4,13,'2013-05-28 22:24:10',1245),(122,NULL,4,13,'2013-05-28 22:24:10',5701),(123,5,2,6,'2013-05-28 22:24:10',3003),(124,NULL,5,14,'2013-05-28 22:24:10',5369),(125,NULL,5,4,'2013-05-28 22:24:10',5941),(126,NULL,2,6,'2013-05-28 22:24:10',3016),(127,6,5,4,'2013-05-28 22:24:10',3690),(128,NULL,2,6,'2013-05-28 22:24:10',3239),(129,6,2,16,'2013-05-28 22:24:10',883),(130,NULL,2,16,'2013-05-28 22:24:10',1917),(131,NULL,6,5,'2013-05-28 22:24:11',4449),(132,5,6,10,'2013-05-28 22:24:11',1284),(133,NULL,4,13,'2013-05-28 22:24:11',145),(134,NULL,3,2,'2013-05-28 22:24:11',3337),(135,NULL,3,17,'2013-05-28 22:24:11',1158),(136,NULL,3,2,'2013-05-28 22:24:11',5053),(137,6,6,5,'2013-05-28 22:24:11',5446),(138,8,6,5,'2013-05-28 22:24:11',5101),(139,NULL,2,11,'2013-05-28 22:24:11',1693),(140,10,5,4,'2013-05-28 22:24:11',3404),(141,9,5,9,'2013-05-28 22:24:11',3499),(142,NULL,5,14,'2013-05-28 22:24:11',5753),(143,9,3,12,'2013-05-28 22:24:11',3918),(144,10,6,10,'2013-05-28 22:24:11',2364),(145,3,6,15,'2013-05-28 22:24:11',5889),(146,NULL,3,2,'2013-05-28 22:24:11',2047),(147,1,2,11,'2013-05-28 22:24:11',3703),(148,8,3,17,'2013-05-28 22:24:11',4610),(149,8,3,17,'2013-05-28 22:24:11',763),(150,NULL,5,9,'2013-05-28 22:24:11',300),(151,1,3,7,'2013-05-28 22:24:11',5725),(152,4,6,15,'2013-05-28 22:24:11',151),(153,9,2,16,'2013-05-28 22:24:11',2571),(154,10,2,11,'2013-05-28 22:24:11',1138),(155,4,2,6,'2013-05-28 22:24:11',2860),(156,NULL,5,9,'2013-05-28 22:24:11',2183),(157,4,5,4,'2013-05-28 22:24:12',4499),(158,9,3,17,'2013-05-28 22:24:12',191),(159,7,2,16,'2013-05-28 22:24:12',2570),(160,NULL,6,5,'2013-05-28 22:24:12',3617),(161,NULL,3,17,'2013-05-28 22:24:12',2074),(162,NULL,6,10,'2013-05-28 22:24:12',5807),(163,NULL,3,2,'2013-05-28 22:24:12',2452),(164,1,4,13,'2013-05-28 22:24:12',5221),(165,NULL,6,10,'2013-05-28 22:24:12',12),(166,10,2,16,'2013-05-28 22:24:12',497),(167,3,2,1,'2013-05-28 22:24:12',3833),(168,NULL,4,8,'2013-05-28 22:24:12',5801),(169,NULL,6,5,'2013-05-28 22:24:12',3223),(170,NULL,3,7,'2013-05-28 22:24:12',3825),(171,10,4,13,'2013-05-28 22:24:12',3469),(172,3,6,10,'2013-05-28 22:24:12',5059),(173,NULL,4,3,'2013-05-28 22:24:12',5598),(174,NULL,6,10,'2013-05-28 22:24:12',1732),(175,8,2,16,'2013-05-28 22:24:12',4090),(176,6,2,6,'2013-05-28 22:24:12',4766),(177,NULL,3,17,'2013-05-28 22:24:12',2616),(178,9,5,4,'2013-05-28 22:24:12',5997),(179,6,6,5,'2013-05-28 22:24:12',132),(180,NULL,6,5,'2013-05-28 22:24:12',5922),(181,NULL,2,16,'2013-05-28 22:24:12',3759),(182,2,5,4,'2013-05-28 22:24:12',1549),(183,NULL,2,1,'2013-05-28 22:24:13',1394),(184,NULL,6,10,'2013-05-28 22:24:13',2203),(185,NULL,4,13,'2013-05-28 22:24:13',535),(186,3,3,2,'2013-05-28 22:24:13',4304),(187,3,5,9,'2013-05-28 22:24:13',2529),(188,6,2,6,'2013-05-28 22:24:13',197),(189,6,6,10,'2013-05-28 22:24:13',459),(190,6,2,16,'2013-05-28 22:24:13',368),(191,4,2,11,'2013-05-28 22:24:13',4866),(192,NULL,4,8,'2013-05-28 22:24:13',3801),(193,4,4,8,'2013-05-28 22:24:13',5998),(194,NULL,6,10,'2013-05-28 22:24:13',637),(195,9,3,2,'2013-05-28 22:24:13',1476),(196,NULL,2,1,'2013-05-28 22:24:13',5274),(197,NULL,4,3,'2013-05-28 22:24:13',1578),(198,7,5,4,'2013-05-28 22:24:13',1009),(199,3,6,5,'2013-05-28 22:24:13',3732),(200,6,3,17,'2013-05-28 22:24:13',4639),(201,10,3,7,'2013-05-28 22:24:13',2570),(202,8,3,7,'2013-05-28 22:24:13',1913),(203,NULL,4,3,'2013-05-28 22:24:13',4523),(204,2,6,5,'2013-05-28 22:24:13',5437),(205,NULL,2,11,'2013-05-28 22:24:13',3262),(206,5,6,5,'2013-05-28 22:24:13',5964),(207,NULL,5,9,'2013-05-28 22:24:13',204),(208,NULL,5,14,'2013-05-28 22:24:13',1040),(209,4,2,11,'2013-05-28 22:24:13',5972),(210,NULL,5,14,'2013-05-28 22:24:13',13),(211,7,3,7,'2013-05-28 22:24:13',4933),(212,NULL,3,2,'2013-05-28 22:24:13',5803),(213,5,6,10,'2013-05-28 22:24:13',4088),(214,NULL,6,10,'2013-05-28 22:24:13',5913),(215,5,2,16,'2013-05-28 22:24:13',102),(216,7,5,4,'2013-05-28 22:24:13',4638),(217,8,6,10,'2013-05-28 22:24:13',5665),(218,NULL,5,14,'2013-05-28 22:24:13',4549),(219,6,3,7,'2013-05-28 22:24:13',2367),(220,NULL,5,14,'2013-05-28 22:24:13',379),(221,NULL,4,8,'2013-05-28 22:24:13',5081),(222,NULL,2,1,'2013-05-28 22:24:14',3312),(223,7,5,9,'2013-05-28 22:24:14',4959),(224,NULL,2,16,'2013-05-28 22:24:14',5078),(225,NULL,6,10,'2013-05-28 22:24:14',3184),(226,NULL,2,1,'2013-05-28 22:24:14',4908),(227,7,4,13,'2013-05-28 22:24:14',5239),(228,NULL,5,9,'2013-05-28 22:24:14',4463),(229,6,4,3,'2013-05-28 22:24:14',2390),(230,1,5,9,'2013-05-28 22:24:14',2572),(231,NULL,3,17,'2013-05-28 22:24:14',3000),(232,7,3,7,'2013-05-28 22:24:14',2177),(233,NULL,5,9,'2013-05-28 22:24:14',5111),(234,NULL,4,3,'2013-05-28 22:24:14',2801),(235,4,4,13,'2013-05-28 22:24:14',4287),(236,NULL,4,8,'2013-05-28 22:24:14',5175),(237,NULL,4,3,'2013-05-28 22:24:14',5955),(238,5,2,6,'2013-05-28 22:24:14',3588),(239,3,3,7,'2013-05-28 22:24:14',2746),(240,NULL,2,6,'2013-05-28 22:24:14',2021),(241,NULL,6,10,'2013-05-28 22:24:14',769),(242,NULL,6,5,'2013-05-28 22:24:14',5428),(243,3,4,13,'2013-05-28 22:24:14',5479),(244,10,5,4,'2013-05-28 22:24:14',2809),(245,NULL,2,1,'2013-05-28 22:24:14',1288),(246,NULL,3,12,'2013-05-28 22:24:14',1181),(247,NULL,5,14,'2013-05-28 22:24:14',4006),(248,NULL,4,8,'2013-05-28 22:24:14',4356),(249,NULL,3,17,'2013-05-28 22:24:14',3597),(250,NULL,5,4,'2013-05-28 22:24:14',290),(251,NULL,3,12,'2013-05-28 22:24:14',4055),(252,9,4,3,'2013-05-28 22:24:14',5019),(253,1,2,1,'2013-05-28 22:24:14',2808),(254,2,2,1,'2013-05-28 22:24:14',3934),(255,NULL,2,11,'2013-05-28 22:24:14',3904),(256,NULL,4,13,'2013-05-28 22:24:14',5999),(257,2,2,11,'2013-05-28 22:24:14',4675),(258,NULL,5,4,'2013-05-28 22:24:14',209),(259,NULL,4,8,'2013-05-28 22:24:14',4205),(260,NULL,2,1,'2013-05-28 22:24:14',3134),(261,NULL,2,16,'2013-05-28 22:24:14',2066),(262,10,4,8,'2013-05-28 22:24:15',3694),(263,NULL,6,10,'2013-05-28 22:24:15',402),(264,NULL,2,1,'2013-05-28 22:24:15',1670),(265,9,6,15,'2013-05-28 22:24:15',2535),(266,7,2,1,'2013-05-28 22:24:15',4621),(267,4,6,15,'2013-05-28 22:24:15',2132),(268,NULL,6,10,'2013-05-28 22:24:15',3037),(269,4,4,8,'2013-05-28 22:24:15',2633),(270,4,2,11,'2013-05-28 22:24:15',319),(271,9,6,10,'2013-05-28 22:24:15',4502),(272,4,5,4,'2013-05-28 22:24:15',3708),(273,NULL,2,6,'2013-05-28 22:24:15',3639),(274,4,3,7,'2013-05-28 22:24:15',233),(275,NULL,6,10,'2013-05-28 22:24:15',4300),(276,NULL,4,3,'2013-05-28 22:24:15',1126),(277,4,3,17,'2013-05-28 22:24:15',4573),(278,NULL,2,11,'2013-05-28 22:24:15',5832),(279,7,6,5,'2013-05-28 22:24:15',676),(280,10,6,15,'2013-05-28 22:24:15',4079),(281,NULL,6,5,'2013-05-28 22:24:15',4345),(282,5,6,15,'2013-05-28 22:24:15',3076),(283,NULL,2,11,'2013-05-28 22:24:15',4272),(284,3,3,7,'2013-05-28 22:24:15',55),(285,1,3,7,'2013-05-28 22:24:15',5589),(286,3,6,15,'2013-05-28 22:24:15',5241),(287,NULL,5,14,'2013-05-28 22:24:15',3301),(288,10,2,6,'2013-05-28 22:24:15',2085),(289,10,4,3,'2013-05-28 22:24:15',5066),(290,2,3,2,'2013-05-28 22:24:15',4963),(291,8,6,5,'2013-05-28 22:24:15',1334),(292,NULL,6,5,'2013-05-28 22:24:15',1585),(293,8,4,3,'2013-05-28 22:24:15',4225),(294,NULL,4,8,'2013-05-28 22:24:15',643),(295,NULL,5,14,'2013-05-28 22:24:15',1711),(296,NULL,3,2,'2013-05-28 22:24:15',4612),(297,NULL,6,5,'2013-05-28 22:24:15',4262),(298,7,4,3,'2013-05-28 22:24:15',2929),(299,NULL,2,11,'2013-05-28 22:24:15',4559),(300,NULL,2,1,'2013-05-28 22:24:16',1499),(301,2,4,13,'2013-05-28 22:24:16',3229),(302,NULL,4,8,'2013-05-28 22:24:16',4177),(303,NULL,3,2,'2013-05-28 22:24:16',2725),(304,5,3,12,'2013-05-28 22:24:16',2477),(305,NULL,6,10,'2013-05-28 22:24:16',2118),(306,3,4,3,'2013-05-28 22:24:16',5708),(307,7,2,6,'2013-05-28 22:24:16',1665),(308,5,6,5,'2013-05-28 22:24:16',4512),(309,NULL,6,15,'2013-05-28 22:24:16',1023),(310,1,4,8,'2013-05-28 22:24:16',2366),(311,1,5,9,'2013-05-28 22:24:16',5425),(312,3,4,13,'2013-05-28 22:24:16',2327),(313,NULL,6,15,'2013-05-28 22:24:16',566),(314,4,2,6,'2013-05-28 22:24:16',478),(315,NULL,4,3,'2013-05-28 22:24:16',3633),(316,10,5,9,'2013-05-28 22:24:16',1928),(317,8,3,7,'2013-05-28 22:24:16',4472),(318,4,4,3,'2013-05-28 22:24:16',90),(319,8,4,3,'2013-05-28 22:24:16',1132),(320,6,6,5,'2013-05-28 22:24:16',871),(321,8,6,15,'2013-05-28 22:24:16',4845),(322,10,2,16,'2013-05-28 22:24:16',2543),(323,10,3,7,'2013-05-28 22:24:16',5192),(324,4,2,6,'2013-05-28 22:24:16',1813),(325,3,3,17,'2013-05-28 22:24:16',4092),(326,1,6,10,'2013-05-28 22:24:16',875),(327,8,4,8,'2013-05-28 22:24:16',5363),(328,7,4,8,'2013-05-28 22:24:16',223),(329,NULL,4,13,'2013-05-28 22:24:16',3965),(330,7,3,12,'2013-05-28 22:24:16',888),(331,10,2,1,'2013-05-28 22:24:16',660),(332,10,6,5,'2013-05-28 22:24:16',795),(333,5,3,12,'2013-05-28 22:24:16',1546),(334,6,3,12,'2013-05-28 22:24:16',4000),(335,8,6,15,'2013-05-28 22:24:16',4780),(336,NULL,4,13,'2013-05-28 22:24:16',4308),(337,3,2,6,'2013-05-28 22:24:16',5157),(338,8,4,8,'2013-05-28 22:24:16',4478),(339,NULL,4,3,'2013-05-28 22:24:16',420),(340,9,4,13,'2013-05-28 22:24:16',3084),(341,NULL,4,3,'2013-05-28 22:24:16',5164),(342,NULL,4,13,'2013-05-28 22:24:16',503),(343,6,4,8,'2013-05-28 22:24:16',2838),(344,5,4,13,'2013-05-28 22:24:16',5397),(345,NULL,2,11,'2013-05-28 22:24:16',4171),(346,9,6,5,'2013-05-28 22:24:16',2209),(347,4,2,1,'2013-05-28 22:24:16',5910),(348,NULL,4,8,'2013-05-28 22:24:16',5372),(349,NULL,5,14,'2013-05-28 22:24:16',3751),(350,NULL,5,9,'2013-05-28 22:24:16',1244),(351,NULL,6,10,'2013-05-28 22:24:17',891),(352,NULL,2,16,'2013-05-28 22:24:17',1655),(353,7,4,13,'2013-05-28 22:24:17',1519),(354,8,4,13,'2013-05-28 22:24:17',5381),(355,3,6,10,'2013-05-28 22:24:17',4601),(356,5,3,12,'2013-05-28 22:24:17',107),(357,4,6,10,'2013-05-28 22:24:17',816),(358,8,3,12,'2013-05-28 22:24:17',5435),(359,NULL,6,5,'2013-05-28 22:24:17',5261),(360,8,3,2,'2013-05-28 22:24:17',1165),(361,NULL,3,12,'2013-05-28 22:24:17',4449),(362,5,5,9,'2013-05-28 22:24:17',2441),(363,3,5,9,'2013-05-28 22:24:17',5246),(364,NULL,2,11,'2013-05-28 22:24:17',3753),(365,NULL,3,2,'2013-05-28 22:24:17',1447),(366,3,4,13,'2013-05-28 22:24:17',1783),(367,1,3,2,'2013-05-28 22:24:17',523),(368,NULL,2,16,'2013-05-28 22:24:17',1873),(369,NULL,5,4,'2013-05-28 22:24:17',4367),(370,NULL,2,16,'2013-05-28 22:24:17',94),(371,NULL,6,10,'2013-05-28 22:24:17',4099),(372,NULL,5,4,'2013-05-28 22:24:17',5036),(373,NULL,6,5,'2013-05-28 22:24:17',4686),(374,5,3,17,'2013-05-28 22:24:17',1390),(375,NULL,4,3,'2013-05-28 22:24:17',5856),(376,NULL,6,15,'2013-05-28 22:24:17',1649),(377,1,5,9,'2013-05-28 22:24:17',1212),(378,NULL,2,16,'2013-05-28 22:24:17',2233),(379,9,5,9,'2013-05-28 22:24:17',3497),(380,2,6,10,'2013-05-28 22:24:17',4294),(381,NULL,3,2,'2013-05-28 22:24:17',1404),(382,1,5,9,'2013-05-28 22:24:17',226),(383,1,5,4,'2013-05-28 22:24:17',2614),(384,NULL,5,4,'2013-05-28 22:24:17',776),(385,NULL,4,13,'2013-05-28 22:24:17',4299),(386,2,5,9,'2013-05-28 22:24:17',22),(387,NULL,2,6,'2013-05-28 22:24:17',947),(388,NULL,3,12,'2013-05-28 22:24:17',1811),(389,NULL,3,7,'2013-05-28 22:24:17',845),(390,9,6,10,'2013-05-28 22:24:17',2659),(391,NULL,4,3,'2013-05-28 22:24:17',213),(392,7,3,7,'2013-05-28 22:24:17',762),(393,NULL,2,6,'2013-05-28 22:24:17',3870),(394,NULL,3,2,'2013-05-28 22:24:17',1092),(395,7,6,5,'2013-05-28 22:24:17',1216),(396,10,2,1,'2013-05-28 22:24:17',3696),(397,NULL,5,14,'2013-05-28 22:24:17',917),(398,NULL,3,17,'2013-05-28 22:24:17',5936),(399,NULL,3,12,'2013-05-28 22:24:17',1312),(400,1,5,14,'2013-05-28 22:24:17',1504),(401,5,2,11,'2013-05-28 22:24:17',1422),(402,8,2,11,'2013-05-28 22:24:17',2286),(403,NULL,3,7,'2013-05-28 22:24:18',1002),(404,NULL,2,11,'2013-05-28 22:24:18',3085),(405,1,6,10,'2013-05-28 22:24:18',2932),(406,3,4,8,'2013-05-28 22:24:18',1874),(407,NULL,4,13,'2013-05-28 22:24:18',2755),(408,6,6,15,'2013-05-28 22:24:18',5168),(409,8,3,7,'2013-05-28 22:24:18',4095),(410,NULL,3,2,'2013-05-28 22:24:18',1410),(411,NULL,2,6,'2013-05-28 22:24:18',1796),(412,NULL,2,11,'2013-05-28 22:24:18',1471),(413,NULL,2,16,'2013-05-28 22:24:18',4135),(414,10,6,15,'2013-05-28 22:24:18',3983),(415,NULL,3,17,'2013-05-28 22:24:18',5008),(416,1,2,11,'2013-05-28 22:24:18',5526),(417,NULL,2,11,'2013-05-28 22:24:18',4228),(418,NULL,3,2,'2013-05-28 22:24:18',1475),(419,NULL,6,5,'2013-05-28 22:24:18',5679),(420,8,4,13,'2013-05-28 22:24:18',1901),(421,1,3,7,'2013-05-28 22:24:18',3147),(422,NULL,4,3,'2013-05-28 22:24:18',2728),(423,5,2,6,'2013-05-28 22:24:18',3758),(424,8,3,12,'2013-05-28 22:24:18',1808),(425,7,6,15,'2013-05-28 22:24:18',853),(426,NULL,3,12,'2013-05-28 22:24:18',4510),(427,NULL,6,15,'2013-05-28 22:24:18',2586),(428,NULL,4,3,'2013-05-28 22:24:18',2380),(429,10,6,10,'2013-05-28 22:24:18',590),(430,NULL,6,5,'2013-05-28 22:24:18',5646),(431,3,6,5,'2013-05-28 22:24:18',1478),(432,NULL,4,3,'2013-05-28 22:24:18',1063),(433,NULL,5,9,'2013-05-28 22:24:18',3390),(434,10,2,16,'2013-05-28 22:24:18',460),(435,9,3,17,'2013-05-28 22:24:18',2995),(436,8,3,17,'2013-05-28 22:24:18',565),(437,NULL,6,5,'2013-05-28 22:24:18',5100),(438,NULL,6,15,'2013-05-28 22:24:18',3611),(439,NULL,6,10,'2013-05-28 22:24:18',88),(440,10,4,13,'2013-05-28 22:24:18',2053),(441,3,6,15,'2013-05-28 22:24:18',25),(442,NULL,6,10,'2013-05-28 22:24:18',5368),(443,3,6,10,'2013-05-28 22:24:18',5072),(444,7,4,8,'2013-05-28 22:24:18',5131),(445,7,4,8,'2013-05-28 22:24:18',4479),(446,10,4,8,'2013-05-28 22:24:18',2055),(447,10,4,8,'2013-05-28 22:24:18',1790),(448,NULL,2,16,'2013-05-28 22:24:19',3458),(449,8,2,16,'2013-05-28 22:24:19',4111),(450,NULL,5,4,'2013-05-28 22:24:19',5623),(451,NULL,2,6,'2013-05-28 22:24:19',3330),(452,8,3,2,'2013-05-28 22:24:19',1743),(453,NULL,3,2,'2013-05-28 22:24:19',3669),(454,1,5,14,'2013-05-28 22:24:19',101),(455,3,6,5,'2013-05-28 22:24:19',5530),(456,2,5,14,'2013-05-28 22:24:19',1057),(457,6,4,8,'2013-05-28 22:24:19',3651),(458,6,6,5,'2013-05-28 22:24:19',5982),(459,4,2,1,'2013-05-28 22:24:19',4668),(460,NULL,6,10,'2013-05-28 22:24:19',1462),(461,NULL,3,7,'2013-05-28 22:24:19',5866),(462,NULL,6,15,'2013-05-28 22:24:19',3677),(463,10,5,4,'2013-05-28 22:24:19',980),(464,NULL,4,13,'2013-05-28 22:24:19',733),(465,10,2,11,'2013-05-28 22:24:19',4014),(466,NULL,2,6,'2013-05-28 22:24:19',1970),(467,5,3,7,'2013-05-28 22:24:19',4236),(468,NULL,6,15,'2013-05-28 22:24:19',5417),(469,6,6,15,'2013-05-28 22:24:19',2064),(470,4,3,2,'2013-05-28 22:24:19',2748),(471,NULL,2,1,'2013-05-28 22:24:19',1183),(472,1,4,13,'2013-05-28 22:24:19',1727),(473,NULL,5,9,'2013-05-28 22:24:19',3146),(474,1,3,17,'2013-05-28 22:24:19',4152),(475,NULL,2,11,'2013-05-28 22:24:19',1262),(476,1,3,17,'2013-05-28 22:24:19',2701),(477,4,2,16,'2013-05-28 22:24:19',3121),(478,NULL,2,1,'2013-05-28 22:24:19',624),(479,NULL,3,7,'2013-05-28 22:24:19',1768),(480,NULL,4,13,'2013-05-28 22:24:19',1309),(481,NULL,6,10,'2013-05-28 22:24:19',1355),(482,7,3,7,'2013-05-28 22:24:19',1569),(483,NULL,4,8,'2013-05-28 22:24:19',5345),(484,NULL,3,2,'2013-05-28 22:24:19',1335),(485,4,4,3,'2013-05-28 22:24:19',4489),(486,8,2,11,'2013-05-28 22:24:19',3419),(487,2,5,4,'2013-05-28 22:24:19',255),(488,NULL,3,17,'2013-05-28 22:24:19',5437),(489,NULL,2,6,'2013-05-28 22:24:19',2605),(490,3,3,7,'2013-05-28 22:24:19',1421),(491,3,5,14,'2013-05-28 22:24:19',360),(492,6,2,11,'2013-05-28 22:24:19',1622),(493,4,2,16,'2013-05-28 22:24:19',4030),(494,NULL,6,10,'2013-05-28 22:24:19',4447),(495,6,6,15,'2013-05-28 22:24:19',3204),(496,NULL,6,10,'2013-05-28 22:24:19',2154),(497,10,6,5,'2013-05-28 22:24:19',2779),(498,5,3,17,'2013-05-28 22:24:19',5276),(499,NULL,5,14,'2013-05-28 22:24:19',5250),(500,6,4,3,'2013-05-28 22:24:19',102),(501,NULL,2,1,'2013-05-28 22:24:19',496),(502,10,5,14,'2013-05-28 22:24:19',3293),(503,6,4,13,'2013-05-28 22:24:19',2426),(504,NULL,2,16,'2013-05-28 22:24:19',543),(505,4,5,4,'2013-05-28 22:24:20',923),(506,6,5,4,'2013-05-28 22:24:20',3148),(507,8,6,5,'2013-05-28 22:24:20',5792),(508,NULL,6,5,'2013-05-28 22:24:20',2162),(509,NULL,3,12,'2013-05-28 22:24:20',4443),(510,7,6,10,'2013-05-28 22:24:20',4548),(511,2,2,16,'2013-05-28 22:24:20',3013),(512,NULL,6,15,'2013-05-28 22:24:20',4779),(513,9,2,11,'2013-05-28 22:24:20',470),(514,NULL,2,16,'2013-05-28 22:24:20',4708),(515,7,4,13,'2013-05-28 22:24:20',4837),(516,NULL,2,11,'2013-05-28 22:24:20',2231),(517,4,4,13,'2013-05-28 22:24:20',1125),(518,6,5,4,'2013-05-28 22:24:20',5181),(519,NULL,5,14,'2013-05-28 22:24:20',918),(520,NULL,4,13,'2013-05-28 22:24:20',5629),(521,6,5,4,'2013-05-28 22:24:20',3991),(522,10,3,17,'2013-05-28 22:24:20',2255),(523,NULL,2,16,'2013-05-28 22:24:20',799),(524,7,3,7,'2013-05-28 22:24:20',2579),(525,4,3,2,'2013-05-28 22:24:20',4433),(526,9,3,2,'2013-05-28 22:24:20',2069),(527,9,3,7,'2013-05-28 22:24:20',969),(528,NULL,3,2,'2013-05-28 22:24:20',1692),(529,6,2,1,'2013-05-28 22:24:20',1017),(530,3,6,15,'2013-05-28 22:24:20',5232),(531,5,3,12,'2013-05-28 22:24:20',5447),(532,5,3,12,'2013-05-28 22:24:20',4730),(533,7,5,9,'2013-05-28 22:24:20',88),(534,NULL,6,5,'2013-05-28 22:24:20',5680),(535,7,4,13,'2013-05-28 22:24:20',5069),(536,1,4,3,'2013-05-28 22:24:20',5269),(537,1,4,13,'2013-05-28 22:24:20',5756),(538,4,2,16,'2013-05-28 22:24:20',2202),(539,10,2,1,'2013-05-28 22:24:20',5293),(540,2,6,15,'2013-05-28 22:24:20',515),(541,NULL,2,16,'2013-05-28 22:24:20',2888),(542,6,6,10,'2013-05-28 22:24:20',5079),(543,4,6,5,'2013-05-28 22:24:20',5961),(544,3,3,2,'2013-05-28 22:24:20',5215),(545,NULL,2,1,'2013-05-28 22:24:20',1438),(546,6,5,9,'2013-05-28 22:24:20',2622),(547,NULL,3,17,'2013-05-28 22:24:20',5110),(548,8,5,9,'2013-05-28 22:24:20',2606),(549,5,3,2,'2013-05-28 22:24:20',3960),(550,8,6,5,'2013-05-28 22:24:20',2222),(551,NULL,4,13,'2013-05-28 22:24:20',3927),(552,7,2,16,'2013-05-28 22:24:20',5584),(553,9,6,5,'2013-05-28 22:24:20',5223),(554,NULL,6,5,'2013-05-28 22:24:20',1943),(555,NULL,3,12,'2013-05-28 22:24:20',2492),(556,1,5,4,'2013-05-28 22:24:20',4259),(557,NULL,5,14,'2013-05-28 22:24:20',1155),(558,4,5,4,'2013-05-28 22:24:20',5621),(559,NULL,2,11,'2013-05-28 22:24:21',2982),(560,9,6,15,'2013-05-28 22:24:21',77),(561,NULL,5,9,'2013-05-28 22:24:21',1874),(562,NULL,3,2,'2013-05-28 22:24:21',1272),(563,10,3,12,'2013-05-28 22:24:21',2760),(564,NULL,4,8,'2013-05-28 22:24:21',1850),(565,8,3,12,'2013-05-28 22:24:21',2874),(566,8,6,5,'2013-05-28 22:24:21',1296),(567,NULL,5,9,'2013-05-28 22:24:21',2639),(568,7,4,13,'2013-05-28 22:24:21',5728),(569,NULL,4,3,'2013-05-28 22:24:21',770),(570,3,2,1,'2013-05-28 22:24:21',2425),(571,NULL,2,16,'2013-05-28 22:24:21',1512),(572,NULL,5,14,'2013-05-28 22:24:21',4703),(573,6,4,8,'2013-05-28 22:24:21',3143),(574,NULL,2,6,'2013-05-28 22:24:21',288),(575,NULL,2,16,'2013-05-28 22:24:21',3112),(576,NULL,2,11,'2013-05-28 22:24:21',3736),(577,7,5,14,'2013-05-28 22:24:21',4195),(578,NULL,4,8,'2013-05-28 22:24:21',2832),(579,6,5,14,'2013-05-28 22:24:21',5279),(580,NULL,3,2,'2013-05-28 22:24:21',758),(581,7,2,1,'2013-05-28 22:24:21',4290),(582,NULL,5,4,'2013-05-28 22:24:21',3276),(583,NULL,5,14,'2013-05-28 22:24:21',5712),(584,NULL,6,5,'2013-05-28 22:24:21',1448),(585,NULL,3,17,'2013-05-28 22:24:21',5621),(586,NULL,6,5,'2013-05-28 22:24:21',1451),(587,NULL,5,9,'2013-05-28 22:24:21',3993),(588,9,5,4,'2013-05-28 22:24:21',2508),(589,NULL,6,15,'2013-05-28 22:24:21',1570),(590,10,4,8,'2013-05-28 22:24:21',2778),(591,7,4,3,'2013-05-28 22:24:21',845),(592,10,5,4,'2013-05-28 22:24:21',1187),(593,NULL,6,5,'2013-05-28 22:24:21',2350),(594,NULL,2,1,'2013-05-28 22:24:21',4640),(595,NULL,6,5,'2013-05-28 22:24:21',3353),(596,NULL,6,5,'2013-05-28 22:24:21',4815),(597,6,4,8,'2013-05-28 22:24:21',3848),(598,4,2,1,'2013-05-28 22:24:21',5177),(599,3,4,8,'2013-05-28 22:24:21',2952),(600,NULL,3,2,'2013-05-28 22:24:21',1637),(601,NULL,6,10,'2013-05-28 22:24:21',5109),(602,2,4,3,'2013-05-28 22:24:21',2587),(603,2,2,11,'2013-05-28 22:24:21',4165),(604,NULL,2,16,'2013-05-28 22:24:21',3408),(605,NULL,4,8,'2013-05-28 22:24:21',717),(606,NULL,2,6,'2013-05-28 22:24:21',433),(607,7,4,3,'2013-05-28 22:24:21',2227),(608,5,6,5,'2013-05-28 22:24:21',5474),(609,NULL,2,1,'2013-05-28 22:24:21',4009),(610,6,4,3,'2013-05-28 22:24:21',1111),(611,NULL,3,2,'2013-05-28 22:24:21',343),(612,NULL,3,12,'2013-05-28 22:24:21',3363),(613,NULL,3,7,'2013-05-28 22:24:21',1403),(614,4,3,7,'2013-05-28 22:24:21',408),(615,6,6,15,'2013-05-28 22:24:21',387),(616,1,3,12,'2013-05-28 22:24:21',1754),(617,NULL,2,16,'2013-05-28 22:24:21',5098),(618,NULL,4,13,'2013-05-28 22:24:21',5092),(619,8,6,5,'2013-05-28 22:24:21',346),(620,NULL,4,8,'2013-05-28 22:24:21',5466),(621,10,4,13,'2013-05-28 22:24:21',5037),(622,NULL,5,4,'2013-05-28 22:24:21',5853),(623,3,4,3,'2013-05-28 22:24:21',1204),(624,NULL,6,10,'2013-05-28 22:24:22',3283),(625,2,2,6,'2013-05-28 22:24:22',4318),(626,NULL,6,5,'2013-05-28 22:24:22',3641),(627,NULL,2,16,'2013-05-28 22:24:22',4),(628,3,3,17,'2013-05-28 22:24:22',765),(629,5,2,1,'2013-05-28 22:24:22',1074),(630,NULL,5,14,'2013-05-28 22:24:22',4209),(631,4,3,2,'2013-05-28 22:24:22',3637),(632,NULL,6,10,'2013-05-28 22:24:22',5852),(633,NULL,2,6,'2013-05-28 22:24:22',1365),(634,1,5,9,'2013-05-28 22:24:22',775),(635,10,2,1,'2013-05-28 22:24:22',3684),(636,NULL,6,10,'2013-05-28 22:24:22',1216),(637,NULL,6,10,'2013-05-28 22:24:22',642),(638,NULL,5,14,'2013-05-28 22:24:22',3914),(639,10,2,16,'2013-05-28 22:24:22',4894),(640,NULL,2,6,'2013-05-28 22:24:22',3964),(641,NULL,4,8,'2013-05-28 22:24:22',4324),(642,6,3,12,'2013-05-28 22:24:22',3242),(643,NULL,2,1,'2013-05-28 22:24:22',4961),(644,4,2,6,'2013-05-28 22:24:22',4216),(645,8,2,1,'2013-05-28 22:24:22',2905),(646,NULL,6,10,'2013-05-28 22:24:22',3391),(647,8,4,3,'2013-05-28 22:24:22',2482),(648,NULL,3,2,'2013-05-28 22:24:22',1864),(649,NULL,5,9,'2013-05-28 22:24:22',3422),(650,4,2,1,'2013-05-28 22:24:22',5186),(651,9,5,9,'2013-05-28 22:24:22',390),(652,10,6,10,'2013-05-28 22:24:22',3582),(653,3,3,7,'2013-05-28 22:24:22',609),(654,9,3,17,'2013-05-28 22:24:22',208),(655,NULL,3,2,'2013-05-28 22:24:22',1956),(656,NULL,6,5,'2013-05-28 22:24:22',3112),(657,NULL,4,8,'2013-05-28 22:24:22',1056),(658,NULL,5,14,'2013-05-28 22:24:22',1096),(659,5,3,2,'2013-05-28 22:24:22',5304),(660,2,2,6,'2013-05-28 22:24:22',5143),(661,1,6,5,'2013-05-28 22:24:22',5363),(662,4,5,9,'2013-05-28 22:24:22',5874),(663,3,5,4,'2013-05-28 22:24:22',4747),(664,4,3,2,'2013-05-28 22:24:22',4666),(665,NULL,2,16,'2013-05-28 22:24:22',832),(666,NULL,5,14,'2013-05-28 22:24:22',1852),(667,NULL,6,10,'2013-05-28 22:24:22',282),(668,NULL,6,10,'2013-05-28 22:24:22',5817),(669,NULL,6,15,'2013-05-28 22:24:22',5576),(670,5,2,16,'2013-05-28 22:24:22',5641),(671,NULL,5,9,'2013-05-28 22:24:22',5459),(672,4,5,14,'2013-05-28 22:24:22',576),(673,4,6,15,'2013-05-28 22:24:22',1027),(674,NULL,6,15,'2013-05-28 22:24:22',3622),(675,2,6,5,'2013-05-28 22:24:22',2558),(676,NULL,5,4,'2013-05-28 22:24:22',1257),(677,NULL,4,8,'2013-05-28 22:24:22',1443),(678,NULL,6,10,'2013-05-28 22:24:22',5340),(679,4,6,10,'2013-05-28 22:24:22',3609),(680,NULL,4,8,'2013-05-28 22:24:22',4966),(681,3,5,9,'2013-05-28 22:24:22',180),(682,7,4,3,'2013-05-28 22:24:22',4634),(683,7,5,14,'2013-05-28 22:24:22',3594),(684,NULL,2,6,'2013-05-28 22:24:22',2670),(685,NULL,5,14,'2013-05-28 22:24:22',1901),(686,3,2,1,'2013-05-28 22:24:22',1819),(687,NULL,5,14,'2013-05-28 22:24:22',2242),(688,5,6,10,'2013-05-28 22:24:22',4117),(689,NULL,2,1,'2013-05-28 22:24:22',1258),(690,NULL,2,1,'2013-05-28 22:24:22',3001),(691,NULL,2,6,'2013-05-28 22:24:22',1993),(692,NULL,3,7,'2013-05-28 22:24:22',820),(693,NULL,3,7,'2013-05-28 22:24:22',3120),(694,3,4,3,'2013-05-28 22:24:23',4045),(695,NULL,6,10,'2013-05-28 22:24:23',1569),(696,NULL,5,4,'2013-05-28 22:24:23',4413),(697,2,5,9,'2013-05-28 22:24:23',4284),(698,4,3,17,'2013-05-28 22:24:23',4545),(699,1,5,14,'2013-05-28 22:24:23',5871),(700,NULL,2,16,'2013-05-28 22:24:23',2729),(701,1,3,12,'2013-05-28 22:24:23',2013),(702,1,3,2,'2013-05-28 22:24:23',4817),(703,9,3,2,'2013-05-28 22:24:23',4108),(704,6,2,11,'2013-05-28 22:24:23',3592),(705,NULL,4,3,'2013-05-28 22:24:23',2028),(706,10,6,10,'2013-05-28 22:24:23',3572),(707,1,3,2,'2013-05-28 22:24:23',1716),(708,10,5,14,'2013-05-28 22:24:23',4319),(709,8,5,9,'2013-05-28 22:24:23',5002),(710,1,4,3,'2013-05-28 22:24:23',3328),(711,6,2,11,'2013-05-28 22:24:23',5257),(712,NULL,2,11,'2013-05-28 22:24:23',1763),(713,7,2,6,'2013-05-28 22:24:23',5259),(714,6,3,7,'2013-05-28 22:24:23',5150),(715,NULL,6,5,'2013-05-28 22:24:23',1537),(716,NULL,3,12,'2013-05-28 22:24:23',3464),(717,5,6,15,'2013-05-28 22:24:23',4290),(718,7,4,8,'2013-05-28 22:24:23',5410),(719,3,2,6,'2013-05-28 22:24:23',2479),(720,1,4,13,'2013-05-28 22:24:23',5864),(721,9,2,16,'2013-05-28 22:24:23',1569),(722,NULL,4,13,'2013-05-28 22:24:23',491),(723,NULL,2,11,'2013-05-28 22:24:23',5211),(724,6,5,9,'2013-05-28 22:24:23',5049),(725,2,6,5,'2013-05-28 22:24:23',5843),(726,2,4,13,'2013-05-28 22:24:23',995),(727,NULL,5,4,'2013-05-28 22:24:23',1612),(728,NULL,3,12,'2013-05-28 22:24:23',4735),(729,NULL,6,15,'2013-05-28 22:24:23',3607),(730,8,3,12,'2013-05-28 22:24:23',3243),(731,4,2,6,'2013-05-28 22:24:23',829),(732,NULL,2,1,'2013-05-28 22:24:23',2924),(733,NULL,4,8,'2013-05-28 22:24:23',3639),(734,NULL,5,4,'2013-05-28 22:24:23',2096),(735,NULL,3,12,'2013-05-28 22:24:23',3426),(736,NULL,2,1,'2013-05-28 22:24:23',1630),(737,7,2,11,'2013-05-28 22:24:23',4182),(738,6,5,9,'2013-05-28 22:24:23',1081),(739,1,2,1,'2013-05-28 22:24:23',4396),(740,NULL,4,8,'2013-05-28 22:24:23',3393),(741,9,3,2,'2013-05-28 22:24:23',4002),(742,10,4,3,'2013-05-28 22:24:23',2616),(743,2,3,12,'2013-05-28 22:24:23',862),(744,NULL,6,5,'2013-05-28 22:24:23',3789),(745,8,4,8,'2013-05-28 22:24:23',1627),(746,8,3,17,'2013-05-28 22:24:23',2406),(747,NULL,4,13,'2013-05-28 22:24:23',1706),(748,8,2,1,'2013-05-28 22:24:23',4028),(749,NULL,2,16,'2013-05-28 22:24:23',2756),(750,6,6,15,'2013-05-28 22:24:23',4211),(751,5,2,1,'2013-05-28 22:24:23',442),(752,8,3,12,'2013-05-28 22:24:23',5748),(753,2,2,1,'2013-05-28 22:24:23',4752),(754,3,2,11,'2013-05-28 22:24:23',1432),(755,NULL,5,9,'2013-05-28 22:24:23',801),(756,8,5,9,'2013-05-28 22:24:24',4912),(757,5,2,1,'2013-05-28 22:24:24',4589),(758,7,3,12,'2013-05-28 22:24:24',471),(759,NULL,3,17,'2013-05-28 22:24:24',1635),(760,3,3,12,'2013-05-28 22:24:24',5445),(761,NULL,6,5,'2013-05-28 22:24:24',5568),(762,1,2,16,'2013-05-28 22:24:24',2608),(763,NULL,5,14,'2013-05-28 22:24:24',3906),(764,5,5,9,'2013-05-28 22:24:24',979),(765,5,2,1,'2013-05-28 22:24:24',1638),(766,7,3,12,'2013-05-28 22:24:24',1534),(767,5,4,3,'2013-05-28 22:24:24',4259),(768,NULL,5,14,'2013-05-28 22:24:24',1866),(769,NULL,4,8,'2013-05-28 22:24:24',5583),(770,4,2,1,'2013-05-28 22:24:24',5219),(771,3,6,15,'2013-05-28 22:24:24',1946),(772,NULL,3,12,'2013-05-28 22:24:24',3896),(773,NULL,5,14,'2013-05-28 22:24:24',4462),(774,NULL,6,10,'2013-05-28 22:24:24',4832),(775,NULL,4,8,'2013-05-28 22:24:24',5667),(776,NULL,2,16,'2013-05-28 22:24:24',4301),(777,6,6,10,'2013-05-28 22:24:24',2780),(778,NULL,3,17,'2013-05-28 22:24:24',1736),(779,NULL,2,6,'2013-05-28 22:24:24',2438),(780,NULL,6,5,'2013-05-28 22:24:24',3613),(781,4,2,16,'2013-05-28 22:24:24',5802),(782,6,6,5,'2013-05-28 22:24:24',4632),(783,10,4,13,'2013-05-28 22:24:24',4114),(784,1,3,7,'2013-05-28 22:24:24',1664),(785,NULL,6,10,'2013-05-28 22:24:24',3490),(786,NULL,5,14,'2013-05-28 22:24:24',189),(787,NULL,5,9,'2013-05-28 22:24:24',2848),(788,5,2,6,'2013-05-28 22:24:24',120),(789,10,4,13,'2013-05-28 22:24:24',3728),(790,NULL,4,3,'2013-05-28 22:24:24',229),(791,NULL,3,2,'2013-05-28 22:24:24',3497),(792,6,3,7,'2013-05-28 22:24:24',5460),(793,NULL,3,2,'2013-05-28 22:24:24',1800),(794,1,2,16,'2013-05-28 22:24:24',3688),(795,5,4,13,'2013-05-28 22:24:24',2776),(796,NULL,2,11,'2013-05-28 22:24:24',591),(797,9,5,4,'2013-05-28 22:24:24',1000),(798,NULL,2,16,'2013-05-28 22:24:24',4311),(799,1,2,11,'2013-05-28 22:24:24',74),(800,NULL,3,2,'2013-05-28 22:24:24',4192),(801,NULL,2,11,'2013-05-28 22:24:24',4799),(802,8,4,3,'2013-05-28 22:24:24',4133),(803,NULL,6,10,'2013-05-28 22:24:24',4601),(804,1,4,3,'2013-05-28 22:24:24',3326),(805,NULL,3,2,'2013-05-28 22:24:24',1470),(806,NULL,4,13,'2013-05-28 22:24:24',5384),(807,NULL,5,14,'2013-05-28 22:24:24',633),(808,NULL,5,9,'2013-05-28 22:24:24',1068),(809,5,2,6,'2013-05-28 22:24:24',209),(810,NULL,3,7,'2013-05-28 22:24:24',5817),(811,6,6,5,'2013-05-28 22:24:24',2994),(812,7,5,14,'2013-05-28 22:24:24',2171),(813,7,6,5,'2013-05-28 22:24:24',564),(814,8,3,7,'2013-05-28 22:24:24',1245),(815,NULL,3,2,'2013-05-28 22:24:24',203),(816,3,2,16,'2013-05-28 22:24:24',2294),(817,NULL,2,16,'2013-05-28 22:24:24',2615),(818,NULL,3,2,'2013-05-28 22:24:24',953),(819,NULL,6,10,'2013-05-28 22:24:24',655),(820,9,3,17,'2013-05-28 22:24:24',2752),(821,5,4,8,'2013-05-28 22:24:24',1588),(822,NULL,6,5,'2013-05-28 22:24:24',1653),(823,5,3,2,'2013-05-28 22:24:24',3526),(824,NULL,4,3,'2013-05-28 22:24:25',4646),(825,2,4,8,'2013-05-28 22:24:25',1761),(826,NULL,6,15,'2013-05-28 22:24:25',166),(827,3,6,5,'2013-05-28 22:24:25',3826),(828,7,2,6,'2013-05-28 22:24:25',4807),(829,5,5,9,'2013-05-28 22:24:25',4298),(830,8,3,17,'2013-05-28 22:24:25',3693),(831,NULL,6,15,'2013-05-28 22:24:25',2768),(832,2,5,14,'2013-05-28 22:24:25',5560),(833,NULL,5,4,'2013-05-28 22:24:25',1404),(834,NULL,4,8,'2013-05-28 22:24:25',3242),(835,NULL,5,4,'2013-05-28 22:24:25',1123),(836,1,2,6,'2013-05-28 22:24:25',1288),(837,NULL,4,8,'2013-05-28 22:24:25',198),(838,NULL,3,17,'2013-05-28 22:24:25',4488),(839,NULL,2,11,'2013-05-28 22:24:25',1132),(840,10,2,11,'2013-05-28 22:24:25',5434),(841,NULL,4,3,'2013-05-28 22:24:25',1467),(842,9,5,9,'2013-05-28 22:24:25',1387),(843,3,3,2,'2013-05-28 22:24:25',3582),(844,6,6,5,'2013-05-28 22:24:25',225),(845,10,2,11,'2013-05-28 22:24:25',899),(846,8,6,5,'2013-05-28 22:24:25',1520),(847,NULL,6,5,'2013-05-28 22:24:25',2374),(848,NULL,2,16,'2013-05-28 22:24:25',900),(849,5,5,4,'2013-05-28 22:24:25',4601),(850,NULL,4,3,'2013-05-28 22:24:25',2065),(851,1,2,1,'2013-05-28 22:24:25',4668),(852,9,2,6,'2013-05-28 22:24:25',4480),(853,NULL,5,9,'2013-05-28 22:24:25',2499),(854,2,6,5,'2013-05-28 22:24:25',4777),(855,9,3,12,'2013-05-28 22:24:25',295),(856,8,6,5,'2013-05-28 22:24:25',3751),(857,NULL,2,11,'2013-05-28 22:24:25',207),(858,2,4,13,'2013-05-28 22:24:25',2271),(859,NULL,4,3,'2013-05-28 22:24:25',2776),(860,NULL,6,15,'2013-05-28 22:24:25',943),(861,10,5,9,'2013-05-28 22:24:25',1822),(862,NULL,4,8,'2013-05-28 22:24:25',230),(863,NULL,2,6,'2013-05-28 22:24:25',356),(864,NULL,5,14,'2013-05-28 22:24:25',4434),(865,7,5,9,'2013-05-28 22:24:25',5201),(866,NULL,5,9,'2013-05-28 22:24:25',281),(867,NULL,3,17,'2013-05-28 22:24:25',1414),(868,2,2,11,'2013-05-28 22:24:25',439),(869,NULL,5,4,'2013-05-28 22:24:25',3138),(870,NULL,6,15,'2013-05-28 22:24:25',3425),(871,8,4,8,'2013-05-28 22:24:25',1922),(872,2,2,1,'2013-05-28 22:24:25',1717),(873,NULL,4,13,'2013-05-28 22:24:25',595),(874,7,5,4,'2013-05-28 22:24:25',4102),(875,NULL,6,15,'2013-05-28 22:24:25',450),(876,NULL,6,5,'2013-05-28 22:24:25',4656),(877,NULL,6,15,'2013-05-28 22:24:25',5336),(878,NULL,4,8,'2013-05-28 22:24:25',2308),(879,NULL,4,3,'2013-05-28 22:24:25',434),(880,9,2,11,'2013-05-28 22:24:25',5779),(881,NULL,4,8,'2013-05-28 22:24:25',5275),(882,6,2,1,'2013-05-28 22:24:25',3331),(883,NULL,3,7,'2013-05-28 22:24:25',3753),(884,NULL,3,17,'2013-05-28 22:24:25',3301),(885,8,2,11,'2013-05-28 22:24:25',5118),(886,NULL,2,1,'2013-05-28 22:24:25',4676),(887,NULL,2,11,'2013-05-28 22:24:25',1457),(888,7,6,5,'2013-05-28 22:24:25',402),(889,NULL,6,15,'2013-05-28 22:24:25',3799),(890,NULL,5,9,'2013-05-28 22:24:25',4750),(891,5,5,14,'2013-05-28 22:24:25',2163),(892,NULL,6,15,'2013-05-28 22:24:25',4601),(893,1,5,4,'2013-05-28 22:24:25',2729),(894,NULL,4,13,'2013-05-28 22:24:26',5229),(895,NULL,2,6,'2013-05-28 22:24:26',1792),(896,4,5,4,'2013-05-28 22:24:26',3786),(897,6,4,3,'2013-05-28 22:24:26',3940),(898,4,4,8,'2013-05-28 22:24:26',4767),(899,NULL,3,12,'2013-05-28 22:24:26',83),(900,NULL,4,3,'2013-05-28 22:24:26',799),(901,NULL,6,10,'2013-05-28 22:24:26',5287),(902,4,3,2,'2013-05-28 22:24:26',2431),(903,NULL,3,17,'2013-05-28 22:24:26',5998),(904,NULL,2,16,'2013-05-28 22:24:26',2510),(905,2,3,7,'2013-05-28 22:24:26',5758),(906,4,2,1,'2013-05-28 22:24:26',2628),(907,NULL,5,4,'2013-05-28 22:24:26',5098),(908,9,4,13,'2013-05-28 22:24:26',2461),(909,NULL,5,14,'2013-05-28 22:24:26',2879),(910,NULL,4,8,'2013-05-28 22:24:26',214),(911,NULL,3,17,'2013-05-28 22:24:26',617),(912,7,5,4,'2013-05-28 22:24:26',5681),(913,6,5,14,'2013-05-28 22:24:26',2582),(914,4,2,11,'2013-05-28 22:24:26',5297),(915,NULL,6,10,'2013-05-28 22:24:26',4545),(916,NULL,3,17,'2013-05-28 22:24:26',2297),(917,NULL,6,15,'2013-05-28 22:24:26',1956),(918,NULL,6,10,'2013-05-28 22:24:26',2110),(919,6,3,17,'2013-05-28 22:24:26',620),(920,NULL,2,11,'2013-05-28 22:24:26',30),(921,2,2,11,'2013-05-28 22:24:26',4135),(922,NULL,6,10,'2013-05-28 22:24:26',5737),(923,1,5,4,'2013-05-28 22:24:26',5185),(924,NULL,6,15,'2013-05-28 22:24:26',2486),(925,8,5,9,'2013-05-28 22:24:26',584),(926,7,5,14,'2013-05-28 22:24:26',3128),(927,NULL,3,17,'2013-05-28 22:24:26',4079),(928,2,4,3,'2013-05-28 22:24:26',5969),(929,3,4,13,'2013-05-28 22:24:26',714),(930,6,3,2,'2013-05-28 22:24:26',5079),(931,NULL,4,8,'2013-05-28 22:24:26',3341),(932,3,3,2,'2013-05-28 22:24:26',2706),(933,3,5,9,'2013-05-28 22:24:26',3957),(934,1,5,9,'2013-05-28 22:24:26',4188),(935,1,6,5,'2013-05-28 22:24:26',4173),(936,1,3,12,'2013-05-28 22:24:26',1881),(937,NULL,2,11,'2013-05-28 22:24:26',3784),(938,NULL,6,5,'2013-05-28 22:24:26',1661),(939,6,3,12,'2013-05-28 22:24:26',5180),(940,8,2,6,'2013-05-28 22:24:26',5677),(941,NULL,2,11,'2013-05-28 22:24:26',1006),(942,1,6,5,'2013-05-28 22:24:26',2378),(943,NULL,4,13,'2013-05-28 22:24:26',2938),(944,8,4,3,'2013-05-28 22:24:26',1686),(945,NULL,3,2,'2013-05-28 22:24:26',3077),(946,6,4,13,'2013-05-28 22:24:26',5616),(947,1,2,1,'2013-05-28 22:24:26',91),(948,4,6,15,'2013-05-28 22:24:26',5020),(949,NULL,2,1,'2013-05-28 22:24:27',5078),(950,5,5,9,'2013-05-28 22:24:27',1962),(951,3,4,13,'2013-05-28 22:24:27',3873),(952,NULL,6,15,'2013-05-28 22:24:27',5442),(953,NULL,3,17,'2013-05-28 22:24:27',825),(954,NULL,2,11,'2013-05-28 22:24:27',2508),(955,NULL,3,7,'2013-05-28 22:24:27',4444),(956,NULL,3,7,'2013-05-28 22:24:27',3848),(957,NULL,4,3,'2013-05-28 22:24:27',2838),(958,NULL,5,4,'2013-05-28 22:24:27',4205),(959,9,3,7,'2013-05-28 22:24:27',4300),(960,1,4,3,'2013-05-28 22:24:27',1760),(961,4,3,12,'2013-05-28 22:24:27',897),(962,NULL,2,1,'2013-05-28 22:24:27',3490),(963,1,2,6,'2013-05-28 22:24:27',228),(964,9,5,4,'2013-05-28 22:24:27',4823),(965,NULL,2,16,'2013-05-28 22:24:27',962),(966,5,3,12,'2013-05-28 22:24:27',4968),(967,8,2,6,'2013-05-28 22:24:27',5012),(968,10,2,6,'2013-05-28 22:24:27',1166),(969,NULL,2,6,'2013-05-28 22:24:27',522),(970,4,5,14,'2013-05-28 22:24:27',2340),(971,2,3,7,'2013-05-28 22:24:27',362),(972,NULL,6,5,'2013-05-28 22:24:27',880),(973,4,5,9,'2013-05-28 22:24:27',3807),(974,1,3,7,'2013-05-28 22:24:27',3899),(975,NULL,2,16,'2013-05-28 22:24:27',3438),(976,NULL,5,4,'2013-05-28 22:24:27',1608),(977,4,3,7,'2013-05-28 22:24:27',1238),(978,5,3,7,'2013-05-28 22:24:27',5461),(979,1,3,7,'2013-05-28 22:24:27',2959),(980,NULL,6,15,'2013-05-28 22:24:27',2568),(981,8,4,13,'2013-05-28 22:24:27',278),(982,NULL,3,17,'2013-05-28 22:24:27',1278),(983,NULL,2,16,'2013-05-28 22:24:27',1046),(984,6,3,2,'2013-05-28 22:24:27',4127),(985,NULL,2,16,'2013-05-28 22:24:27',4532),(986,4,2,1,'2013-05-28 22:24:27',1279),(987,NULL,6,10,'2013-05-28 22:24:27',437),(988,NULL,5,9,'2013-05-28 22:24:27',1451),(989,6,4,8,'2013-05-28 22:24:27',4852),(990,9,5,4,'2013-05-28 22:24:27',5827),(991,NULL,3,2,'2013-05-28 22:24:27',2777),(992,NULL,2,16,'2013-05-28 22:24:27',5954),(993,10,2,1,'2013-05-28 22:24:27',3409),(994,NULL,3,17,'2013-05-28 22:24:27',4306),(995,2,6,5,'2013-05-28 22:24:27',2187),(996,1,3,17,'2013-05-28 22:24:27',2787),(997,NULL,5,9,'2013-05-28 22:24:27',188),(998,NULL,5,9,'2013-05-28 22:24:27',4192),(999,8,3,12,'2013-05-28 22:24:27',320),(1000,NULL,4,8,'2013-05-28 22:24:27',338),(1001,NULL,3,2,'2013-05-28 22:24:27',3475),(1002,NULL,3,2,'2013-05-28 22:24:27',3962),(1003,6,4,8,'2013-05-28 22:24:27',299),(1004,NULL,6,5,'2013-05-28 22:24:27',5614),(1005,5,6,10,'2013-05-28 22:24:27',1697),(1006,9,3,12,'2013-05-28 22:24:27',5855),(1007,5,3,17,'2013-05-28 22:24:27',5593),(1008,NULL,3,7,'2013-05-28 22:24:27',1931),(1009,2,3,12,'2013-05-28 22:24:27',1300),(1010,2,5,14,'2013-05-28 22:24:27',3005),(1011,NULL,3,17,'2013-05-28 22:24:28',4815),(1012,NULL,4,8,'2013-05-28 22:24:28',279),(1013,4,6,5,'2013-05-28 22:24:28',1322),(1014,1,3,12,'2013-05-28 22:24:28',5148),(1015,NULL,5,9,'2013-05-28 22:24:28',1407),(1016,1,2,11,'2013-05-28 22:24:28',4430),(1017,4,4,3,'2013-05-28 22:24:28',4886),(1018,7,2,16,'2013-05-28 22:24:28',4222),(1019,9,5,4,'2013-05-28 22:24:28',421),(1020,NULL,5,4,'2013-05-28 22:24:28',615),(1021,NULL,6,15,'2013-05-28 22:24:28',2693),(1022,4,3,7,'2013-05-28 22:24:28',554),(1023,7,2,16,'2013-05-28 22:24:28',2468),(1024,10,4,13,'2013-05-28 22:24:28',3256),(1025,10,5,14,'2013-05-28 22:24:28',4089),(1026,5,2,1,'2013-05-28 22:24:28',4871),(1027,NULL,6,15,'2013-05-28 22:24:28',2887),(1028,NULL,4,3,'2013-05-28 22:24:28',3437),(1029,NULL,2,11,'2013-05-28 22:24:28',1675),(1030,2,3,12,'2013-05-28 22:24:28',536),(1031,NULL,6,5,'2013-05-28 22:24:28',3152),(1032,NULL,6,15,'2013-05-28 22:24:28',1595),(1033,5,3,2,'2013-05-28 22:24:28',2901),(1034,6,6,10,'2013-05-28 22:24:28',462),(1035,9,6,5,'2013-05-28 22:24:28',3288),(1036,NULL,3,12,'2013-05-28 22:24:28',3570),(1037,5,4,8,'2013-05-28 22:24:28',1640),(1038,NULL,2,6,'2013-05-28 22:24:28',1612),(1039,NULL,3,12,'2013-05-28 22:24:28',607),(1040,NULL,5,4,'2013-05-28 22:24:28',5588),(1041,NULL,3,7,'2013-05-28 22:24:28',3214),(1042,8,4,8,'2013-05-28 22:24:28',5047),(1043,NULL,2,1,'2013-05-28 22:24:28',5752),(1044,NULL,3,12,'2013-05-28 22:24:28',5690),(1045,NULL,6,15,'2013-05-28 22:24:28',3866),(1046,1,4,13,'2013-05-28 22:24:28',1199),(1047,NULL,3,12,'2013-05-28 22:24:28',4962),(1048,10,3,2,'2013-05-28 22:24:28',103),(1049,5,2,11,'2013-05-28 22:24:28',5551),(1050,6,5,4,'2013-05-28 22:24:28',3121),(1051,NULL,6,15,'2013-05-28 22:24:28',4616),(1052,10,3,7,'2013-05-28 22:24:28',5442),(1053,NULL,2,16,'2013-05-28 22:24:28',5399),(1054,NULL,6,10,'2013-05-28 22:24:28',3525),(1055,NULL,2,1,'2013-05-28 22:24:28',5846),(1056,7,6,5,'2013-05-28 22:24:28',5535),(1057,NULL,2,6,'2013-05-28 22:24:28',3234),(1058,1,5,4,'2013-05-28 22:24:28',3796),(1059,NULL,6,15,'2013-05-28 22:24:28',4502),(1060,NULL,5,4,'2013-05-28 22:24:28',2425),(1061,2,5,9,'2013-05-28 22:24:28',470),(1062,NULL,3,12,'2013-05-28 22:24:28',1563),(1063,6,5,9,'2013-05-28 22:24:28',1601),(1064,1,3,7,'2013-05-28 22:24:28',4725),(1065,3,4,8,'2013-05-28 22:24:28',1743),(1066,NULL,3,7,'2013-05-28 22:24:28',5522),(1067,7,5,9,'2013-05-28 22:24:28',4658),(1068,8,3,2,'2013-05-28 22:24:28',4846),(1069,4,2,6,'2013-05-28 22:24:28',5408),(1070,1,4,13,'2013-05-28 22:24:28',1708),(1071,2,3,17,'2013-05-28 22:24:28',3652),(1072,9,2,1,'2013-05-28 22:24:28',1084),(1073,3,4,8,'2013-05-28 22:24:28',4992),(1074,1,4,3,'2013-05-28 22:24:28',749),(1075,1,2,6,'2013-05-28 22:24:28',4325),(1076,1,5,9,'2013-05-28 22:24:28',1492),(1077,NULL,2,11,'2013-05-28 22:24:28',5656),(1078,6,2,16,'2013-05-28 22:24:28',1616),(1079,2,6,5,'2013-05-28 22:24:28',5597),(1080,NULL,3,12,'2013-05-28 22:24:28',4175),(1081,9,6,5,'2013-05-28 22:24:29',1251),(1082,NULL,5,9,'2013-05-28 22:24:29',5797),(1083,2,3,12,'2013-05-28 22:24:29',4499),(1084,NULL,6,10,'2013-05-28 22:24:29',3691),(1085,NULL,2,11,'2013-05-28 22:24:29',988),(1086,NULL,5,9,'2013-05-28 22:24:29',3109),(1087,NULL,2,11,'2013-05-28 22:24:29',2289),(1088,2,4,13,'2013-05-28 22:24:29',203),(1089,NULL,2,6,'2013-05-28 22:24:29',4766),(1090,10,5,4,'2013-05-28 22:24:29',3924),(1091,NULL,3,2,'2013-05-28 22:24:29',4287),(1092,3,6,5,'2013-05-28 22:24:29',4446),(1093,2,6,5,'2013-05-28 22:24:29',3545),(1094,NULL,4,8,'2013-05-28 22:24:29',1618),(1095,4,2,6,'2013-05-28 22:24:29',5711),(1096,NULL,4,8,'2013-05-28 22:24:29',1911),(1097,7,2,16,'2013-05-28 22:24:29',5754),(1098,NULL,6,15,'2013-05-28 22:24:29',551),(1099,NULL,4,8,'2013-05-28 22:24:29',357),(1100,2,6,15,'2013-05-28 22:24:29',2762),(1101,6,6,10,'2013-05-28 22:24:29',5108),(1102,5,4,13,'2013-05-28 22:24:29',4294),(1103,NULL,4,13,'2013-05-28 22:24:29',2944),(1104,NULL,5,4,'2013-05-28 22:24:29',331),(1105,8,5,4,'2013-05-28 22:24:29',3160),(1106,NULL,6,5,'2013-05-28 22:24:29',674),(1107,NULL,6,15,'2013-05-28 22:24:29',4368),(1108,1,4,8,'2013-05-28 22:24:29',3556),(1109,NULL,2,16,'2013-05-28 22:24:29',5785),(1110,2,3,2,'2013-05-28 22:24:29',3214),(1111,5,2,16,'2013-05-28 22:24:29',5050),(1112,NULL,2,11,'2013-05-28 22:24:29',4667),(1113,5,6,5,'2013-05-28 22:24:29',4750),(1114,1,5,4,'2013-05-28 22:24:29',608),(1115,NULL,2,1,'2013-05-28 22:24:29',5555),(1116,2,6,5,'2013-05-28 22:24:29',5212),(1117,1,5,4,'2013-05-28 22:24:29',79),(1118,3,6,5,'2013-05-28 22:24:29',1688),(1119,7,3,12,'2013-05-28 22:24:29',5122),(1120,2,3,12,'2013-05-28 22:24:29',3872),(1121,8,3,7,'2013-05-28 22:24:29',2141),(1122,NULL,4,8,'2013-05-28 22:24:29',4115),(1123,7,2,6,'2013-05-28 22:24:29',5951),(1124,10,5,4,'2013-05-28 22:24:29',2345),(1125,NULL,5,9,'2013-05-28 22:24:29',2936),(1126,3,2,16,'2013-05-28 22:24:29',5836),(1127,6,3,2,'2013-05-28 22:24:29',124),(1128,5,3,7,'2013-05-28 22:24:29',2180),(1129,2,2,6,'2013-05-28 22:24:29',2349),(1130,1,4,13,'2013-05-28 22:24:29',2245),(1131,1,3,2,'2013-05-28 22:24:29',3033),(1132,6,4,13,'2013-05-28 22:24:29',2922),(1133,NULL,3,7,'2013-05-28 22:24:29',1060),(1134,3,3,17,'2013-05-28 22:24:29',450),(1135,2,4,3,'2013-05-28 22:24:29',3850),(1136,6,4,3,'2013-05-28 22:24:29',555),(1137,1,5,4,'2013-05-28 22:24:29',2076),(1138,3,2,11,'2013-05-28 22:24:29',4680),(1139,6,4,13,'2013-05-28 22:24:29',5903),(1140,NULL,2,11,'2013-05-28 22:24:29',3123),(1141,NULL,6,5,'2013-05-28 22:24:29',5933),(1142,NULL,6,10,'2013-05-28 22:24:30',3777),(1143,2,3,2,'2013-05-28 22:24:30',330),(1144,7,5,9,'2013-05-28 22:24:30',1925),(1145,NULL,5,4,'2013-05-28 22:24:30',566),(1146,3,6,5,'2013-05-28 22:24:30',447),(1147,1,2,11,'2013-05-28 22:24:30',3658),(1148,4,2,16,'2013-05-28 22:24:30',5606),(1149,4,3,7,'2013-05-28 22:24:30',5710),(1150,4,3,2,'2013-05-28 22:24:30',4238),(1151,NULL,2,11,'2013-05-28 22:24:30',4551),(1152,NULL,2,16,'2013-05-28 22:24:30',4113),(1153,10,5,14,'2013-05-28 22:24:30',1877),(1154,3,2,11,'2013-05-28 22:24:30',155),(1155,NULL,5,14,'2013-05-28 22:24:30',81),(1156,2,2,16,'2013-05-28 22:24:30',3673),(1157,10,5,4,'2013-05-28 22:24:30',4889),(1158,NULL,2,16,'2013-05-28 22:24:30',3738),(1159,9,5,4,'2013-05-28 22:24:30',2068),(1160,NULL,5,4,'2013-05-28 22:24:30',285),(1161,NULL,4,13,'2013-05-28 22:24:30',2006),(1162,NULL,3,2,'2013-05-28 22:24:30',5527),(1163,NULL,6,15,'2013-05-28 22:24:30',2845),(1164,NULL,2,1,'2013-05-28 22:24:30',3818),(1165,10,2,1,'2013-05-28 22:24:30',1770),(1166,10,3,12,'2013-05-28 22:24:30',4333),(1167,NULL,5,4,'2013-05-28 22:24:30',760),(1168,NULL,4,8,'2013-05-28 22:24:30',4435),(1169,NULL,2,6,'2013-05-28 22:24:30',5318),(1170,5,6,15,'2013-05-28 22:24:30',1420),(1171,9,3,17,'2013-05-28 22:24:30',1929),(1172,1,5,9,'2013-05-28 22:24:30',1982),(1173,2,2,1,'2013-05-28 22:24:30',1200),(1174,3,4,8,'2013-05-28 22:24:30',1814),(1175,9,4,8,'2013-05-28 22:24:30',2366),(1176,7,5,4,'2013-05-28 22:24:30',2658),(1177,10,3,12,'2013-05-28 22:24:30',2284),(1178,6,5,14,'2013-05-28 22:24:30',2257),(1179,NULL,6,15,'2013-05-28 22:24:30',2347),(1180,6,6,5,'2013-05-28 22:24:30',1144),(1181,NULL,2,11,'2013-05-28 22:24:30',4870),(1182,9,5,4,'2013-05-28 22:24:30',1215),(1183,NULL,6,5,'2013-05-28 22:24:30',1349),(1184,9,3,17,'2013-05-28 22:24:30',3385),(1185,NULL,2,11,'2013-05-28 22:24:30',5139),(1186,1,6,15,'2013-05-28 22:24:30',4959),(1187,NULL,3,2,'2013-05-28 22:24:30',5855),(1188,10,4,13,'2013-05-28 22:24:30',5030),(1189,NULL,5,9,'2013-05-28 22:24:30',1445),(1190,NULL,2,11,'2013-05-28 22:24:30',5345),(1191,NULL,5,14,'2013-05-28 22:24:30',5490),(1192,NULL,3,17,'2013-05-28 22:24:30',2112),(1193,NULL,5,9,'2013-05-28 22:24:30',1174),(1194,NULL,2,11,'2013-05-28 22:24:30',3200),(1195,NULL,4,8,'2013-05-28 22:24:30',3993),(1196,NULL,5,9,'2013-05-28 22:24:30',2839),(1197,10,6,15,'2013-05-28 22:24:30',3388),(1198,2,6,15,'2013-05-28 22:24:30',4155),(1199,NULL,5,14,'2013-05-28 22:24:30',1055),(1200,NULL,4,3,'2013-05-28 22:24:30',4285),(1201,1,6,10,'2013-05-28 22:24:30',5088),(1202,10,4,13,'2013-05-28 22:24:30',2454),(1203,4,4,13,'2013-05-28 22:24:30',179),(1204,NULL,4,13,'2013-05-28 22:24:30',2227),(1205,NULL,6,15,'2013-05-28 22:24:30',5841),(1206,10,2,11,'2013-05-28 22:24:30',4521),(1207,NULL,2,11,'2013-05-28 22:24:30',4671),(1208,NULL,2,16,'2013-05-28 22:24:30',174),(1209,2,6,5,'2013-05-28 22:24:30',4799),(1210,NULL,4,8,'2013-05-28 22:24:30',3143),(1211,9,4,8,'2013-05-28 22:24:31',5785),(1212,NULL,3,12,'2013-05-28 22:24:31',5308),(1213,NULL,3,12,'2013-05-28 22:24:31',5598),(1214,NULL,4,8,'2013-05-28 22:24:31',3491),(1215,2,2,6,'2013-05-28 22:24:31',227),(1216,NULL,3,2,'2013-05-28 22:24:31',3085),(1217,3,3,17,'2013-05-28 22:24:31',4979),(1218,4,6,15,'2013-05-28 22:24:31',3780),(1219,NULL,3,12,'2013-05-28 22:24:31',288),(1220,6,3,7,'2013-05-28 22:24:31',744),(1221,2,6,15,'2013-05-28 22:24:31',5489),(1222,6,2,1,'2013-05-28 22:24:31',4127),(1223,6,5,4,'2013-05-28 22:24:31',1498),(1224,NULL,4,3,'2013-05-28 22:24:31',3129),(1225,10,2,6,'2013-05-28 22:24:31',5649),(1226,7,3,7,'2013-05-28 22:24:31',3731);
/*!40000 ALTER TABLE `current` ENABLE KEYS */;
UNLOCK TABLES;

--
-- Temporary table structure for view `current_day_view`
--

DROP TABLE IF EXISTS `current_day_view`;
/*!50001 DROP VIEW IF EXISTS `current_day_view`*/;
SET @saved_cs_client     = @@character_set_client;
SET character_set_client = utf8;
/*!50001 CREATE TABLE `current_day_view` (
  `TIMESTAMP_DAY` tinyint NOT NULL,
  `DAY` tinyint NOT NULL,
  `SYSTEM_ID` tinyint NOT NULL,
  `CURRENT_DAY_KWH` tinyint NOT NULL
) ENGINE=MyISAM */;
SET character_set_client = @saved_cs_client;

--
-- Table structure for table `current_hour`
--

DROP TABLE IF EXISTS `current_hour`;
/*!40101 SET @saved_cs_client     = @@character_set_client */;
/*!40101 SET character_set_client = utf8 */;
CREATE TABLE `current_hour` (
  `ID` int(11) NOT NULL AUTO_INCREMENT,
  `USERS_ID` int(11) NOT NULL,
  `SOCKET_ID` int(11) NOT NULL,
  `TIMESTAMP` timestamp NULL DEFAULT NULL,
  `CURRENT_HOUR` int(11) DEFAULT NULL,
  PRIMARY KEY (`ID`),
  KEY `CURRENT_HOUR_FKIndex1` (`SOCKET_ID`),
  KEY `CURRENT_HOUR_FKIndex2` (`USERS_ID`),
  CONSTRAINT `fk_?C7FD20AE?A7FE?48ED?8288?858441651AF2?` FOREIGN KEY (`SOCKET_ID`) REFERENCES `socket` (`ID`) ON DELETE NO ACTION ON UPDATE NO ACTION,
  CONSTRAINT `fk_?F59B3C95?713E?45DB?AA76?F24A2D182DB1?` FOREIGN KEY (`USERS_ID`) REFERENCES `users` (`ID`) ON DELETE NO ACTION ON UPDATE NO ACTION
) ENGINE=InnoDB DEFAULT CHARSET=utf8 PACK_KEYS=0;
/*!40101 SET character_set_client = @saved_cs_client */;

--
-- Dumping data for table `current_hour`
--

LOCK TABLES `current_hour` WRITE;
/*!40000 ALTER TABLE `current_hour` DISABLE KEYS */;
/*!40000 ALTER TABLE `current_hour` ENABLE KEYS */;
UNLOCK TABLES;

--
-- Temporary table structure for view `current_hour_view`
--

DROP TABLE IF EXISTS `current_hour_view`;
/*!50001 DROP VIEW IF EXISTS `current_hour_view`*/;
SET @saved_cs_client     = @@character_set_client;
SET character_set_client = utf8;
/*!50001 CREATE TABLE `current_hour_view` (
  `ID` tinyint NOT NULL,
  `TIMESTAMP_HOUR` tinyint NOT NULL,
  `HOUR` tinyint NOT NULL,
  `SYSTEM_ID` tinyint NOT NULL,
  `CURRENT_HOUR_KWH` tinyint NOT NULL
) ENGINE=MyISAM */;
SET character_set_client = @saved_cs_client;

--
-- Table structure for table `event`
--

DROP TABLE IF EXISTS `event`;
/*!40101 SET @saved_cs_client     = @@character_set_client */;
/*!40101 SET character_set_client = utf8 */;
CREATE TABLE `event` (
  `ID` int(11) NOT NULL AUTO_INCREMENT,
  `EVENT_NAME` tinytext,
  `EVENT_DESCRIPTION` tinytext,
  PRIMARY KEY (`ID`)
) ENGINE=InnoDB AUTO_INCREMENT=6 DEFAULT CHARSET=utf8 PACK_KEYS=0;
/*!40101 SET character_set_client = @saved_cs_client */;

--
-- Dumping data for table `event`
--

LOCK TABLES `event` WRITE;
/*!40000 ALTER TABLE `event` DISABLE KEYS */;
INSERT INTO `event` VALUES (1,'Connection Opened','Connection Opened'),(2,'Connection Closed','Connection Closed'),(3,'Connection Binded','Connection Binded'),(4,'Intermitent Connection','Intermitent Connection'),(5,'Could not find Connection','Could not find Connection');
/*!40000 ALTER TABLE `event` ENABLE KEYS */;
UNLOCK TABLES;

--
-- Table structure for table `login`
--

DROP TABLE IF EXISTS `login`;
/*!40101 SET @saved_cs_client     = @@character_set_client */;
/*!40101 SET character_set_client = utf8 */;
CREATE TABLE `login` (
  `ID` int(11) NOT NULL AUTO_INCREMENT,
  `USERNAME` tinytext,
  `PASSWORD_VAL` tinytext,
  `SYSTEM_ID` int(11) NOT NULL,
  `IS_SYS_ADMIN` tinyint(1) NOT NULL,
  `CREATED_DATE` date DEFAULT NULL,
  `CREATED_USER_ID` int(11) DEFAULT NULL,
  `LAST_UPDATED_DATE` date DEFAULT NULL,
  `LAST_UPDATED_USER_ID` int(11) DEFAULT NULL,
  PRIMARY KEY (`ID`),
  KEY `LOGIN_FKIndex1` (`SYSTEM_ID`),
  CONSTRAINT `fk_?DBABFD7F?D1BC?49AC?A144?243A68EA2FA7?` FOREIGN KEY (`SYSTEM_ID`) REFERENCES `system` (`ID`) ON DELETE NO ACTION ON UPDATE NO ACTION
) ENGINE=InnoDB AUTO_INCREMENT=7 DEFAULT CHARSET=utf8 PACK_KEYS=0;
/*!40101 SET character_set_client = @saved_cs_client */;

--
-- Dumping data for table `login`
--

LOCK TABLES `login` WRITE;
/*!40000 ALTER TABLE `login` DISABLE KEYS */;
INSERT INTO `login` VALUES (1,'admin','cerberus',1,1,'2013-03-27',NULL,'2013-03-27',NULL),(2,'dvezina','cerberus',1,1,'2013-03-27',NULL,'2013-03-27',NULL),(3,'clascelles','cerberus',2,1,'2013-03-27',NULL,'2013-03-27',NULL),(4,'mwoods','cerberus',3,1,'2013-03-27',NULL,'2013-03-27',NULL),(5,'fvezina','cerberus',3,1,'2013-03-27',NULL,'2013-03-27',NULL),(6,'jquan','cerberus',3,1,'2013-03-27',NULL,'2013-03-27',NULL);
/*!40000 ALTER TABLE `login` ENABLE KEYS */;
UNLOCK TABLES;

--
-- Table structure for table `outlet`
--

DROP TABLE IF EXISTS `outlet`;
/*!40101 SET @saved_cs_client     = @@character_set_client */;
/*!40101 SET character_set_client = utf8 */;
CREATE TABLE `outlet` (
  `ID` int(11) NOT NULL AUTO_INCREMENT,
  `OUTLET_OPERATION_MODE_ID` int(11) NOT NULL,
  `ROOM_ID` int(11) NOT NULL,
  `SERIAL_NUM` varchar(12) NOT NULL,
  PRIMARY KEY (`ID`),
  UNIQUE KEY `SERIAL_NUM_UNIQUE` (`SERIAL_NUM`),
  KEY `OUTLET_FKIndex1` (`ROOM_ID`),
  KEY `OUTLET_FKIndex2` (`OUTLET_OPERATION_MODE_ID`),
  CONSTRAINT `fk_?63AA46EC?AF1C?4006?86C3?726864F1DC65?` FOREIGN KEY (`ROOM_ID`) REFERENCES `room` (`ID`) ON DELETE NO ACTION ON UPDATE NO ACTION,
  CONSTRAINT `fk_?E5461FC8?5077?4C52?853B?F22D3C58FE98?` FOREIGN KEY (`OUTLET_OPERATION_MODE_ID`) REFERENCES `outlet_operation_mode` (`ID`) ON DELETE NO ACTION ON UPDATE NO ACTION
) ENGINE=InnoDB AUTO_INCREMENT=13 DEFAULT CHARSET=utf8 PACK_KEYS=0;
/*!40101 SET character_set_client = @saved_cs_client */;

--
-- Dumping data for table `outlet`
--

LOCK TABLES `outlet` WRITE;
/*!40000 ALTER TABLE `outlet` DISABLE KEYS */;
INSERT INTO `outlet` VALUES (1,1,21,'0000000001'),(2,1,12,'0000000002'),(3,1,23,'0000000003'),(4,1,14,'0000000004'),(5,1,5,'0000000005'),(6,1,6,'0000000006'),(7,1,27,'0000000007'),(8,1,28,'0000000008'),(9,1,11,'0000000009'),(10,1,11,'0000000010'),(11,1,2,'0000000011'),(12,1,23,'0000000012');
/*!40000 ALTER TABLE `outlet` ENABLE KEYS */;
UNLOCK TABLES;

--
-- Table structure for table `outlet_operation_mode`
--

DROP TABLE IF EXISTS `outlet_operation_mode`;
/*!40101 SET @saved_cs_client     = @@character_set_client */;
/*!40101 SET character_set_client = utf8 */;
CREATE TABLE `outlet_operation_mode` (
  `ID` int(11) NOT NULL AUTO_INCREMENT,
  `NAME` tinytext,
  PRIMARY KEY (`ID`)
) ENGINE=InnoDB AUTO_INCREMENT=6 DEFAULT CHARSET=utf8 PACK_KEYS=0;
/*!40101 SET character_set_client = @saved_cs_client */;

--
-- Dumping data for table `outlet_operation_mode`
--

LOCK TABLES `outlet_operation_mode` WRITE;
/*!40000 ALTER TABLE `outlet_operation_mode` DISABLE KEYS */;
INSERT INTO `outlet_operation_mode` VALUES (1,'Enabled'),(2,'Disabled'),(3,'Monitoring'),(4,'Child Safety'),(5,'Authentication');
/*!40000 ALTER TABLE `outlet_operation_mode` ENABLE KEYS */;
UNLOCK TABLES;

--
-- Table structure for table `personal_information`
--

DROP TABLE IF EXISTS `personal_information`;
/*!40101 SET @saved_cs_client     = @@character_set_client */;
/*!40101 SET character_set_client = utf8 */;
CREATE TABLE `personal_information` (
  `ID` int(11) NOT NULL AUTO_INCREMENT,
  `FIRST_NAME` tinytext,
  `LAST_NAME` tinytext,
  `PHONE_NUMBER` tinytext,
  `ADDRESS` text,
  PRIMARY KEY (`ID`)
) ENGINE=InnoDB AUTO_INCREMENT=7 DEFAULT CHARSET=utf8 PACK_KEYS=0;
/*!40101 SET character_set_client = @saved_cs_client */;

--
-- Dumping data for table `personal_information`
--

LOCK TABLES `personal_information` WRITE;
/*!40000 ALTER TABLE `personal_information` DISABLE KEYS */;
INSERT INTO `personal_information` VALUES (1,'Cerberus','Cerberus','None','None'),(2,'David','Vezina','613-897-7811','6257 Ravine Way'),(3,'Charles','Lascelles','613-677-9541','Unknown'),(4,'Michael','Woods','613-324-1234','Unknown'),(5,'Frederik','Vezina','613-898-7811','6257 Ravine Way'),(6,'Josephine','Quan','613-858-1228','Unknown');
/*!40000 ALTER TABLE `personal_information` ENABLE KEYS */;
UNLOCK TABLES;

--
-- Table structure for table `rfid_authentication`
--

DROP TABLE IF EXISTS `rfid_authentication`;
/*!40101 SET @saved_cs_client     = @@character_set_client */;
/*!40101 SET character_set_client = utf8 */;
CREATE TABLE `rfid_authentication` (
  `ID` int(11) NOT NULL AUTO_INCREMENT,
  `RFID_TAG_ID` int(11) NOT NULL,
  `USERS_ID` int(11) NOT NULL,
  `PERMISSION` tinyint(4) NOT NULL,
  PRIMARY KEY (`ID`),
  KEY `RFID_AUTHENTICATION_FKIndex1` (`USERS_ID`),
  KEY `RFID_AUTHENTICATION_FKIndex2` (`RFID_TAG_ID`),
  CONSTRAINT `fk_?A6EB1914?11DD?4133?96A3?61550B77EB73?` FOREIGN KEY (`USERS_ID`) REFERENCES `users` (`ID`) ON DELETE NO ACTION ON UPDATE NO ACTION,
  CONSTRAINT `fk_?F5A69B10?3132?4778?8CD3?3A9622D55F73?` FOREIGN KEY (`RFID_TAG_ID`) REFERENCES `rfid_tag` (`ID`) ON DELETE NO ACTION ON UPDATE NO ACTION
) ENGINE=InnoDB AUTO_INCREMENT=11 DEFAULT CHARSET=utf8 PACK_KEYS=0;
/*!40101 SET character_set_client = @saved_cs_client */;

--
-- Dumping data for table `rfid_authentication`
--

LOCK TABLES `rfid_authentication` WRITE;
/*!40000 ALTER TABLE `rfid_authentication` DISABLE KEYS */;
INSERT INTO `rfid_authentication` VALUES (1,1,2,1),(2,2,2,0),(3,3,2,1),(4,4,2,1),(5,5,2,1),(6,6,2,2),(7,7,2,0),(8,8,2,2),(9,9,2,2),(10,10,2,1);
/*!40000 ALTER TABLE `rfid_authentication` ENABLE KEYS */;
UNLOCK TABLES;

--
-- Table structure for table `rfid_tag`
--

DROP TABLE IF EXISTS `rfid_tag`;
/*!40101 SET @saved_cs_client     = @@character_set_client */;
/*!40101 SET character_set_client = utf8 */;
CREATE TABLE `rfid_tag` (
  `ID` int(11) NOT NULL AUTO_INCREMENT,
  `PROFILE_ID` int(11) DEFAULT NULL,
  `NUMBER` varchar(10) NOT NULL,
  `TAG_NAME` text,
  PRIMARY KEY (`ID`),
  UNIQUE KEY `NUMBER_UNIQUE` (`NUMBER`)
) ENGINE=InnoDB AUTO_INCREMENT=11 DEFAULT CHARSET=utf8 PACK_KEYS=0;
/*!40101 SET character_set_client = @saved_cs_client */;

--
-- Dumping data for table `rfid_tag`
--

LOCK TABLES `rfid_tag` WRITE;
/*!40000 ALTER TABLE `rfid_tag` DISABLE KEYS */;
INSERT INTO `rfid_tag` VALUES (1,13,'356AC37692','Kitchen toaster'),(2,18,'6538B2349D','Laptop'),(3,1,'845A3F5673','Kettle'),(4,2,'761239DCF1','Television'),(5,8,'628D23A853','Computer'),(6,NULL,'3849C32683','Light'),(7,2,'22568A5638','Phone Charger'),(8,3,'7538632468','Vaccum'),(9,2,'AA3578B34F','Radio'),(10,2,'479A347B31','Alarm Clock');
/*!40000 ALTER TABLE `rfid_tag` ENABLE KEYS */;
UNLOCK TABLES;

--
-- Temporary table structure for view `rfid_tag_view`
--

DROP TABLE IF EXISTS `rfid_tag_view`;
/*!50001 DROP VIEW IF EXISTS `rfid_tag_view`*/;
SET @saved_cs_client     = @@character_set_client;
SET character_set_client = utf8;
/*!50001 CREATE TABLE `rfid_tag_view` (
  `RFID_ID` tinyint NOT NULL,
  `RFID_NUMBER` tinyint NOT NULL,
  `RFID_NAME` tinyint NOT NULL,
  `PROFILE_NAME` tinyint NOT NULL,
  `USER_ID` tinyint NOT NULL,
  `RFID_PERMISSION` tinyint NOT NULL
) ENGINE=MyISAM */;
SET character_set_client = @saved_cs_client;

--
-- Table structure for table `room`
--

DROP TABLE IF EXISTS `room`;
/*!40101 SET @saved_cs_client     = @@character_set_client */;
/*!40101 SET character_set_client = utf8 */;
CREATE TABLE `room` (
  `ID` int(11) NOT NULL AUTO_INCREMENT,
  `ROOM_TYPE_ID` int(11) NOT NULL,
  `NAME` tinytext,
  `SYSTEM_ID` int(11) NOT NULL,
  PRIMARY KEY (`ID`,`ROOM_TYPE_ID`),
  KEY `ROOM_FKIndex1` (`ROOM_TYPE_ID`),
  KEY `SYST_FKIndex2` (`SYSTEM_ID`),
  CONSTRAINT `fk_?57C41637?4A56?4C24?8C6A?7B99B6CD9BB1?` FOREIGN KEY (`ROOM_TYPE_ID`) REFERENCES `room_type` (`ID`) ON DELETE NO ACTION ON UPDATE NO ACTION,
  CONSTRAINT `fk_?81C21334?4A56?4C24?8C6A?DAD687C6CD04?` FOREIGN KEY (`SYSTEM_ID`) REFERENCES `system` (`ID`) ON DELETE NO ACTION ON UPDATE NO ACTION
) ENGINE=InnoDB AUTO_INCREMENT=29 DEFAULT CHARSET=utf8 PACK_KEYS=0;
/*!40101 SET character_set_client = @saved_cs_client */;

--
-- Dumping data for table `room`
--

LOCK TABLES `room` WRITE;
/*!40000 ALTER TABLE `room` DISABLE KEYS */;
INSERT INTO `room` VALUES (1,7,'Kitchen',1),(2,10,'Master Bathroom',1),(3,10,'Kid\'s Bathroom',1),(4,14,'Master Bedroom',1),(5,14,'David\'s Bedroom',1),(6,14,'Fred Bedroom',1),(7,9,'Main Hallway',1),(8,5,'Laundry Room',1),(11,7,'Kitchen',1),(12,10,'Master Bathroom',2),(13,10,'Kid\'s Bathroom',2),(14,14,'Master Bedroom',2),(15,14,'David\'s Bedroom',2),(16,14,'Fred Bedroom',2),(17,9,'Main Hallway',2),(18,5,'Laundry Room',2),(21,7,'Kitchen',3),(22,10,'Master Bathroom',3),(23,10,'Kid\'s Bathroom',3),(24,14,'Master Bedroom',3),(25,14,'David\'s Bedroom',3),(26,14,'Fred Bedroom',3),(27,9,'Main Hallway',3),(28,5,'Laundry Room',3);
/*!40000 ALTER TABLE `room` ENABLE KEYS */;
UNLOCK TABLES;

--
-- Table structure for table `room_type`
--

DROP TABLE IF EXISTS `room_type`;
/*!40101 SET @saved_cs_client     = @@character_set_client */;
/*!40101 SET character_set_client = utf8 */;
CREATE TABLE `room_type` (
  `ID` int(11) NOT NULL AUTO_INCREMENT,
  `NAME` tinytext,
  PRIMARY KEY (`ID`)
) ENGINE=InnoDB AUTO_INCREMENT=17 DEFAULT CHARSET=utf8 PACK_KEYS=0;
/*!40101 SET character_set_client = @saved_cs_client */;

--
-- Dumping data for table `room_type`
--

LOCK TABLES `room_type` WRITE;
/*!40000 ALTER TABLE `room_type` DISABLE KEYS */;
INSERT INTO `room_type` VALUES (1,'Foyer'),(2,'Front hall'),(3,'Living room'),(4,'Dining room'),(5,'Laundry room'),(6,'Sitting room'),(7,'Kitchen'),(8,'Stairwell'),(9,'Hallway'),(10,'Bathroom'),(11,'Half bath'),(12,'Ensuite bathroom'),(13,'Master bedroom'),(14,'Bedroom'),(15,'Guest bedroom'),(16,'Balcony');
/*!40000 ALTER TABLE `room_type` ENABLE KEYS */;
UNLOCK TABLES;

--
-- Table structure for table `rule`
--

DROP TABLE IF EXISTS `rule`;
/*!40101 SET @saved_cs_client     = @@character_set_client */;
/*!40101 SET character_set_client = utf8 */;
CREATE TABLE `rule` (
  `ID` int(11) NOT NULL AUTO_INCREMENT,
  `NAME` text,
  PRIMARY KEY (`ID`)
) ENGINE=InnoDB DEFAULT CHARSET=utf8 PACK_KEYS=0;
/*!40101 SET character_set_client = @saved_cs_client */;

--
-- Dumping data for table `rule`
--

LOCK TABLES `rule` WRITE;
/*!40000 ALTER TABLE `rule` DISABLE KEYS */;
/*!40000 ALTER TABLE `rule` ENABLE KEYS */;
UNLOCK TABLES;

--
-- Table structure for table `rule_tip_xref`
--

DROP TABLE IF EXISTS `rule_tip_xref`;
/*!40101 SET @saved_cs_client     = @@character_set_client */;
/*!40101 SET character_set_client = utf8 */;
CREATE TABLE `rule_tip_xref` (
  `ID` int(11) NOT NULL AUTO_INCREMENT,
  `TIP_ID` int(11) NOT NULL,
  `RULE_ID` int(11) NOT NULL,
  PRIMARY KEY (`ID`),
  KEY `TIPS_FKIndex1` (`RULE_ID`),
  KEY `TIPS_FKIndex2` (`TIP_ID`),
  CONSTRAINT `fk_?441E7FCC?889E?45AA?B46E?B768C2F35E91?` FOREIGN KEY (`TIP_ID`) REFERENCES `tip` (`ID`) ON DELETE NO ACTION ON UPDATE NO ACTION,
  CONSTRAINT `fk_?98B92FAF?94B6?412E?840D?CAD887C4CD04?` FOREIGN KEY (`RULE_ID`) REFERENCES `rule` (`ID`) ON DELETE NO ACTION ON UPDATE NO ACTION
) ENGINE=InnoDB DEFAULT CHARSET=utf8 PACK_KEYS=0;
/*!40101 SET character_set_client = @saved_cs_client */;

--
-- Dumping data for table `rule_tip_xref`
--

LOCK TABLES `rule_tip_xref` WRITE;
/*!40000 ALTER TABLE `rule_tip_xref` DISABLE KEYS */;
/*!40000 ALTER TABLE `rule_tip_xref` ENABLE KEYS */;
UNLOCK TABLES;

--
-- Table structure for table `schedule`
--

DROP TABLE IF EXISTS `schedule`;
/*!40101 SET @saved_cs_client     = @@character_set_client */;
/*!40101 SET character_set_client = utf8 */;
CREATE TABLE `schedule` (
  `ID` int(11) NOT NULL,
  `START_EVENT_ID` int(11) NOT NULL,
  `END_EVENT_ID` int(11) NOT NULL,
  `SOCKET_ID` int(11) NOT NULL,
  `USER_ID` int(11) NOT NULL,
  `RECURRENCE_ID` int(11) NOT NULL,
  PRIMARY KEY (`ID`),
  KEY `START_EVENT_ID_idx` (`START_EVENT_ID`),
  KEY `END_EVENT_ID_idx` (`END_EVENT_ID`),
  KEY `SOCKET_ID_idx` (`SOCKET_ID`),
  KEY `USER_ID_idx` (`USER_ID`),
  KEY `RECURRENCE_ID_idx` (`RECURRENCE_ID`),
  CONSTRAINT `END_EVENT_ID` FOREIGN KEY (`END_EVENT_ID`) REFERENCES `scheduled_event` (`ID`) ON DELETE NO ACTION ON UPDATE NO ACTION,
  CONSTRAINT `RECURRENCE_ID` FOREIGN KEY (`RECURRENCE_ID`) REFERENCES `schedule_recurrence` (`ID`) ON DELETE NO ACTION ON UPDATE NO ACTION,
  CONSTRAINT `SOCKET_ID` FOREIGN KEY (`SOCKET_ID`) REFERENCES `socket` (`ID`) ON DELETE NO ACTION ON UPDATE NO ACTION,
  CONSTRAINT `START_EVENT_ID` FOREIGN KEY (`START_EVENT_ID`) REFERENCES `scheduled_event` (`ID`) ON DELETE NO ACTION ON UPDATE NO ACTION,
  CONSTRAINT `USER_ID` FOREIGN KEY (`USER_ID`) REFERENCES `users` (`ID`) ON DELETE NO ACTION ON UPDATE NO ACTION
) ENGINE=InnoDB DEFAULT CHARSET=utf8;
/*!40101 SET character_set_client = @saved_cs_client */;

--
-- Dumping data for table `schedule`
--

LOCK TABLES `schedule` WRITE;
/*!40000 ALTER TABLE `schedule` DISABLE KEYS */;
/*!40000 ALTER TABLE `schedule` ENABLE KEYS */;
UNLOCK TABLES;

--
-- Table structure for table `schedule_end_mode`
--

DROP TABLE IF EXISTS `schedule_end_mode`;
/*!40101 SET @saved_cs_client     = @@character_set_client */;
/*!40101 SET character_set_client = utf8 */;
CREATE TABLE `schedule_end_mode` (
  `ID` int(11) NOT NULL AUTO_INCREMENT,
  `SOCKET_OPERATION_MODE_ID` int(11) NOT NULL,
  PRIMARY KEY (`ID`),
  KEY `SCHEDULE_END_MODE_FKIndex1` (`SOCKET_OPERATION_MODE_ID`),
  CONSTRAINT `fk_?EDE32FA4?0D2A?4AA0?AAD5?F117E91A7CAC?` FOREIGN KEY (`SOCKET_OPERATION_MODE_ID`) REFERENCES `socket_operation_mode` (`ID`) ON DELETE NO ACTION ON UPDATE NO ACTION
) ENGINE=InnoDB DEFAULT CHARSET=utf8 PACK_KEYS=0;
/*!40101 SET character_set_client = @saved_cs_client */;

--
-- Dumping data for table `schedule_end_mode`
--

LOCK TABLES `schedule_end_mode` WRITE;
/*!40000 ALTER TABLE `schedule_end_mode` DISABLE KEYS */;
/*!40000 ALTER TABLE `schedule_end_mode` ENABLE KEYS */;
UNLOCK TABLES;

--
-- Table structure for table `schedule_recurrence`
--

DROP TABLE IF EXISTS `schedule_recurrence`;
/*!40101 SET @saved_cs_client     = @@character_set_client */;
/*!40101 SET character_set_client = utf8 */;
CREATE TABLE `schedule_recurrence` (
  `ID` int(11) NOT NULL AUTO_INCREMENT,
  `NAME` varchar(45) NOT NULL,
  PRIMARY KEY (`ID`)
) ENGINE=InnoDB AUTO_INCREMENT=8 DEFAULT CHARSET=utf8 PACK_KEYS=0;
/*!40101 SET character_set_client = @saved_cs_client */;

--
-- Dumping data for table `schedule_recurrence`
--

LOCK TABLES `schedule_recurrence` WRITE;
/*!40000 ALTER TABLE `schedule_recurrence` DISABLE KEYS */;
INSERT INTO `schedule_recurrence` VALUES (1,'Once'),(2,'Hourly'),(3,'Daily'),(4,'Weekly'),(5,'Bi-Weekly'),(6,'Monthly'),(7,'Yearly');
/*!40000 ALTER TABLE `schedule_recurrence` ENABLE KEYS */;
UNLOCK TABLES;

--
-- Table structure for table `schedule_start_mode`
--

DROP TABLE IF EXISTS `schedule_start_mode`;
/*!40101 SET @saved_cs_client     = @@character_set_client */;
/*!40101 SET character_set_client = utf8 */;
CREATE TABLE `schedule_start_mode` (
  `ID` int(11) NOT NULL AUTO_INCREMENT,
  `SOCKET_OPERATION_MODE_ID` int(11) NOT NULL,
  PRIMARY KEY (`ID`),
  KEY `SCHEDULE_START_MODE_FKIndex1` (`SOCKET_OPERATION_MODE_ID`),
  CONSTRAINT `fk_?7E3A34D7?58D7?4D66?9717?4B01DDEC431B?` FOREIGN KEY (`SOCKET_OPERATION_MODE_ID`) REFERENCES `socket_operation_mode` (`ID`) ON DELETE NO ACTION ON UPDATE NO ACTION
) ENGINE=InnoDB DEFAULT CHARSET=utf8 PACK_KEYS=0;
/*!40101 SET character_set_client = @saved_cs_client */;

--
-- Dumping data for table `schedule_start_mode`
--

LOCK TABLES `schedule_start_mode` WRITE;
/*!40000 ALTER TABLE `schedule_start_mode` DISABLE KEYS */;
/*!40000 ALTER TABLE `schedule_start_mode` ENABLE KEYS */;
UNLOCK TABLES;

--
-- Table structure for table `scheduled_event`
--

DROP TABLE IF EXISTS `scheduled_event`;
/*!40101 SET @saved_cs_client     = @@character_set_client */;
/*!40101 SET character_set_client = utf8 */;
CREATE TABLE `scheduled_event` (
  `ID` int(11) NOT NULL AUTO_INCREMENT,
  `SCHEDULE_MODE_ID` int(11) NOT NULL,
  `SOCKET_ID` int(11) NOT NULL,
  `USERS_ID` int(11) NOT NULL,
  `EVENT_TIME` datetime DEFAULT NULL,
  PRIMARY KEY (`ID`),
  KEY `SCHEDULED_EVENT_FKIndex1` (`USERS_ID`),
  KEY `SCHEDULED_EVENT_FKIndex2` (`SOCKET_ID`),
  KEY `SCHEDULED_EVENT_FKIndex3` (`SCHEDULE_MODE_ID`),
  CONSTRAINT `fk_?0A5185F2?CAED?41C8?9B0A?6E94C01D710B?` FOREIGN KEY (`USERS_ID`) REFERENCES `users` (`ID`) ON DELETE NO ACTION ON UPDATE NO ACTION,
  CONSTRAINT `fk_?1D49F5A7?D149?4ACB?9C8D?B8DE2C97CA6A?` FOREIGN KEY (`SCHEDULE_MODE_ID`) REFERENCES `socket_operation_mode` (`ID`) ON DELETE NO ACTION ON UPDATE NO ACTION,
  CONSTRAINT `fk_?C343C72D?38FA?408C?AFF7?D7F371EDABC7?` FOREIGN KEY (`SOCKET_ID`) REFERENCES `socket` (`ID`) ON DELETE NO ACTION ON UPDATE NO ACTION
) ENGINE=InnoDB DEFAULT CHARSET=utf8 PACK_KEYS=0;
/*!40101 SET character_set_client = @saved_cs_client */;

--
-- Dumping data for table `scheduled_event`
--

LOCK TABLES `scheduled_event` WRITE;
/*!40000 ALTER TABLE `scheduled_event` DISABLE KEYS */;
/*!40000 ALTER TABLE `scheduled_event` ENABLE KEYS */;
UNLOCK TABLES;

--
-- Table structure for table `socket`
--

DROP TABLE IF EXISTS `socket`;
/*!40101 SET @saved_cs_client     = @@character_set_client */;
/*!40101 SET character_set_client = utf8 */;
CREATE TABLE `socket` (
  `ID` int(11) NOT NULL AUTO_INCREMENT,
  `SOCKET_OPERATION_STATUS_ID` int(11) NOT NULL,
  `SOCKET_OPERATION_MODE_ID` int(11) NOT NULL,
  `OUTLET_ID` int(11) NOT NULL,
  `SOCKET_POSITION` tinyint(1) NOT NULL,
  `SERIAL_NUM` varchar(10) NOT NULL,
  PRIMARY KEY (`ID`),
  UNIQUE KEY `OUTLET_ID` (`OUTLET_ID`,`SOCKET_POSITION`),
  UNIQUE KEY `SERIAL_NUM_UNIQUE` (`SERIAL_NUM`),
  KEY `SOCKET_FKIndex1` (`OUTLET_ID`),
  KEY `SOCKET_FKIndex2` (`SOCKET_OPERATION_MODE_ID`),
  KEY `SOCKET_FKIndex3` (`SOCKET_OPERATION_STATUS_ID`),
  CONSTRAINT `fk_?42C4695B?2ECA?4B8F?9A9C?0B6AC6BB5B03?` FOREIGN KEY (`SOCKET_OPERATION_MODE_ID`) REFERENCES `socket_operation_mode` (`ID`) ON DELETE NO ACTION ON UPDATE NO ACTION,
  CONSTRAINT `fk_?E5A5CFB9?41A8?4166?A790?47FA4AEB7303?` FOREIGN KEY (`SOCKET_OPERATION_STATUS_ID`) REFERENCES `socket_operation_status` (`ID`) ON DELETE NO ACTION ON UPDATE NO ACTION,
  CONSTRAINT `fk_?F61548DC?550F?4EC3?AC6C?5D3F97DA104C?` FOREIGN KEY (`OUTLET_ID`) REFERENCES `outlet` (`ID`) ON DELETE NO ACTION ON UPDATE NO ACTION
) ENGINE=InnoDB AUTO_INCREMENT=18 DEFAULT CHARSET=utf8 PACK_KEYS=0;
/*!40101 SET character_set_client = @saved_cs_client */;

--
-- Dumping data for table `socket`
--

LOCK TABLES `socket` WRITE;
/*!40000 ALTER TABLE `socket` DISABLE KEYS */;
INSERT INTO `socket` VALUES (1,1,4,1,0,'4500006701'),(2,1,3,1,1,'4500006702'),(3,1,4,2,0,'4500006703'),(4,1,3,3,0,'4500006704'),(5,1,2,4,0,'4500006705'),(6,1,3,4,1,'4500006706'),(7,1,3,5,0,'4500006707'),(8,1,4,6,0,'4500006708'),(9,1,3,6,1,'4500006709'),(10,1,3,7,0,'4500006710'),(11,1,3,8,0,'4500006711'),(12,1,4,9,0,'4500006712'),(13,1,3,10,0,'4500006713'),(14,1,2,10,1,'4500006714'),(15,1,3,11,0,'4500006715'),(16,1,3,11,1,'4500006716'),(17,1,3,12,0,'4500006717');
/*!40000 ALTER TABLE `socket` ENABLE KEYS */;
UNLOCK TABLES;

--
-- Table structure for table `socket_assignment`
--

DROP TABLE IF EXISTS `socket_assignment`;
/*!40101 SET @saved_cs_client     = @@character_set_client */;
/*!40101 SET character_set_client = utf8 */;
CREATE TABLE `socket_assignment` (
  `ID` int(11) NOT NULL AUTO_INCREMENT,
  `SOCKET_ID` int(11) NOT NULL,
  `USERS_ID` int(11) NOT NULL,
  PRIMARY KEY (`ID`),
  KEY `ASSIGNMENTS_FKIndex1` (`USERS_ID`),
  KEY `ASSIGNMENTS_FKIndex2` (`SOCKET_ID`),
  CONSTRAINT `fk_?23BD712B?7922?4593?BB1D?63D9BB7EE508?` FOREIGN KEY (`SOCKET_ID`) REFERENCES `socket` (`ID`) ON DELETE NO ACTION ON UPDATE NO ACTION,
  CONSTRAINT `fk_?4A324159?B8D3?45F2?8F72?05686A4C6CA3?` FOREIGN KEY (`USERS_ID`) REFERENCES `users` (`ID`) ON DELETE NO ACTION ON UPDATE NO ACTION
) ENGINE=InnoDB AUTO_INCREMENT=18 DEFAULT CHARSET=utf8 PACK_KEYS=0;
/*!40101 SET character_set_client = @saved_cs_client */;

--
-- Dumping data for table `socket_assignment`
--

LOCK TABLES `socket_assignment` WRITE;
/*!40000 ALTER TABLE `socket_assignment` DISABLE KEYS */;
INSERT INTO `socket_assignment` VALUES (1,1,2),(2,2,3),(3,3,4),(4,4,5),(5,5,6),(6,6,2),(7,7,3),(8,8,4),(9,9,5),(10,10,6),(11,11,2),(12,12,3),(13,13,4),(14,14,5),(15,15,6),(16,16,2),(17,17,3);
/*!40000 ALTER TABLE `socket_assignment` ENABLE KEYS */;
UNLOCK TABLES;

--
-- Table structure for table `socket_operation_mode`
--

DROP TABLE IF EXISTS `socket_operation_mode`;
/*!40101 SET @saved_cs_client     = @@character_set_client */;
/*!40101 SET character_set_client = utf8 */;
CREATE TABLE `socket_operation_mode` (
  `ID` int(11) NOT NULL AUTO_INCREMENT,
  `OUTLET_OPERATION_MODE` int(11) DEFAULT NULL,
  `DESCRIPTION` text,
  PRIMARY KEY (`ID`)
) ENGINE=InnoDB AUTO_INCREMENT=5 DEFAULT CHARSET=utf8 PACK_KEYS=0;
/*!40101 SET character_set_client = @saved_cs_client */;

--
-- Dumping data for table `socket_operation_mode`
--

LOCK TABLES `socket_operation_mode` WRITE;
/*!40000 ALTER TABLE `socket_operation_mode` DISABLE KEYS */;
INSERT INTO `socket_operation_mode` VALUES (1,1,'Disabled'),(2,3,'Monitoring'),(3,5,'Authentication'),(4,4,'Child Safety');
/*!40000 ALTER TABLE `socket_operation_mode` ENABLE KEYS */;
UNLOCK TABLES;

--
-- Table structure for table `socket_operation_status`
--

DROP TABLE IF EXISTS `socket_operation_status`;
/*!40101 SET @saved_cs_client     = @@character_set_client */;
/*!40101 SET character_set_client = utf8 */;
CREATE TABLE `socket_operation_status` (
  `ID` int(11) NOT NULL AUTO_INCREMENT,
  `STATUS_VALUE` text,
  PRIMARY KEY (`ID`)
) ENGINE=InnoDB AUTO_INCREMENT=4 DEFAULT CHARSET=utf8 PACK_KEYS=0;
/*!40101 SET character_set_client = @saved_cs_client */;

--
-- Dumping data for table `socket_operation_status`
--

LOCK TABLES `socket_operation_status` WRITE;
/*!40000 ALTER TABLE `socket_operation_status` DISABLE KEYS */;
INSERT INTO `socket_operation_status` VALUES (1,'Good'),(2,'Errors'),(3,'Disabled');
/*!40000 ALTER TABLE `socket_operation_status` ENABLE KEYS */;
UNLOCK TABLES;

--
-- Table structure for table `system`
--

DROP TABLE IF EXISTS `system`;
/*!40101 SET @saved_cs_client     = @@character_set_client */;
/*!40101 SET character_set_client = utf8 */;
CREATE TABLE `system` (
  `ID` int(11) NOT NULL AUTO_INCREMENT,
  `NAME` tinytext,
  `SYSTEM_ACTIVE` tinyint(1) NOT NULL,
  `OUTLET_OPERATION_MODE_ID` int(11) NOT NULL,
  `SPIKE_PROTECTION` tinyint(1) NOT NULL,
  `ENCRYPTION_KEY` text NOT NULL,
  PRIMARY KEY (`ID`),
  KEY `fk_?E5461ABC?5077?4C52?853B?F22D3C58FE98?` (`OUTLET_OPERATION_MODE_ID`),
  CONSTRAINT `fk_?E5461ABC?5077?4C52?853B?F22D3C58FE98?` FOREIGN KEY (`OUTLET_OPERATION_MODE_ID`) REFERENCES `outlet_operation_mode` (`ID`) ON DELETE NO ACTION ON UPDATE NO ACTION
) ENGINE=InnoDB AUTO_INCREMENT=4 DEFAULT CHARSET=utf8 PACK_KEYS=0;
/*!40101 SET character_set_client = @saved_cs_client */;

--
-- Dumping data for table `system`
--

LOCK TABLES `system` WRITE;
/*!40000 ALTER TABLE `system` DISABLE KEYS */;
INSERT INTO `system` VALUES (1,'David\'s System',1,1,1,'1234123412341234'),(2,'Charles\' System',1,1,1,'1234123412341234'),(3,'Michael\'s System',1,1,1,'1234123412341234');
/*!40000 ALTER TABLE `system` ENABLE KEYS */;
UNLOCK TABLES;

--
-- Table structure for table `tip`
--

DROP TABLE IF EXISTS `tip`;
/*!40101 SET @saved_cs_client     = @@character_set_client */;
/*!40101 SET character_set_client = utf8 */;
CREATE TABLE `tip` (
  `ID` int(11) NOT NULL AUTO_INCREMENT,
  `NAME` text,
  PRIMARY KEY (`ID`)
) ENGINE=InnoDB DEFAULT CHARSET=utf8 PACK_KEYS=0;
/*!40101 SET character_set_client = @saved_cs_client */;

--
-- Dumping data for table `tip`
--

LOCK TABLES `tip` WRITE;
/*!40000 ALTER TABLE `tip` DISABLE KEYS */;
/*!40000 ALTER TABLE `tip` ENABLE KEYS */;
UNLOCK TABLES;

--
-- Table structure for table `user_setting`
--

DROP TABLE IF EXISTS `user_setting`;
/*!40101 SET @saved_cs_client     = @@character_set_client */;
/*!40101 SET character_set_client = utf8 */;
CREATE TABLE `user_setting` (
  `ID` int(11) NOT NULL AUTO_INCREMENT,
  `DEFAULT_OPERATION` int(11) DEFAULT NULL,
  `DEFAULT_ASSIGNMENT` int(11) DEFAULT NULL,
  PRIMARY KEY (`ID`)
) ENGINE=InnoDB AUTO_INCREMENT=5 DEFAULT CHARSET=utf8 PACK_KEYS=0;
/*!40101 SET character_set_client = @saved_cs_client */;

--
-- Dumping data for table `user_setting`
--

LOCK TABLES `user_setting` WRITE;
/*!40000 ALTER TABLE `user_setting` DISABLE KEYS */;
INSERT INTO `user_setting` VALUES (1,0,0),(2,0,1),(3,1,0),(4,1,1);
/*!40000 ALTER TABLE `user_setting` ENABLE KEYS */;
UNLOCK TABLES;

--
-- Temporary table structure for view `user_system_view`
--

DROP TABLE IF EXISTS `user_system_view`;
/*!50001 DROP VIEW IF EXISTS `user_system_view`*/;
SET @saved_cs_client     = @@character_set_client;
SET character_set_client = utf8;
/*!50001 CREATE TABLE `user_system_view` (
  `USERS_ID` tinyint NOT NULL,
  `SYSTEM_ID` tinyint NOT NULL,
  `USER_TYPE_ID` tinyint NOT NULL
) ENGINE=MyISAM */;
SET character_set_client = @saved_cs_client;

--
-- Table structure for table `user_type`
--

DROP TABLE IF EXISTS `user_type`;
/*!40101 SET @saved_cs_client     = @@character_set_client */;
/*!40101 SET character_set_client = utf8 */;
CREATE TABLE `user_type` (
  `ID` int(11) NOT NULL AUTO_INCREMENT,
  `TYPE_NAME` tinytext,
  PRIMARY KEY (`ID`)
) ENGINE=InnoDB AUTO_INCREMENT=4 DEFAULT CHARSET=utf8 PACK_KEYS=0;
/*!40101 SET character_set_client = @saved_cs_client */;

--
-- Dumping data for table `user_type`
--

LOCK TABLES `user_type` WRITE;
/*!40000 ALTER TABLE `user_type` DISABLE KEYS */;
INSERT INTO `user_type` VALUES (1,'System Administrator'),(2,'System Owner'),(3,'Consumer');
/*!40000 ALTER TABLE `user_type` ENABLE KEYS */;
UNLOCK TABLES;

--
-- Table structure for table `users`
--

DROP TABLE IF EXISTS `users`;
/*!40101 SET @saved_cs_client     = @@character_set_client */;
/*!40101 SET character_set_client = utf8 */;
CREATE TABLE `users` (
  `ID` int(11) NOT NULL AUTO_INCREMENT,
  `USER_SETTING_ID` int(11) DEFAULT NULL,
  `USER_TYPE_ID` int(11) NOT NULL,
  `LOGIN_ID` int(11) NOT NULL,
  `PERSONAL_INFORMATION_ID` int(11) NOT NULL,
  `CREATED_DATE` date DEFAULT NULL,
  `CREATED_USER_ID` int(11) DEFAULT NULL,
  `LAST_UPDATED_DATE` date DEFAULT NULL,
  `LAST_UPDATED_USER_ID` int(11) DEFAULT NULL,
  PRIMARY KEY (`ID`),
  KEY `USER_TABLE_FKIndex1` (`PERSONAL_INFORMATION_ID`),
  KEY `USER_TABLE_FKIndex2` (`LOGIN_ID`),
  KEY `USER_TABLE_FKIndex3` (`USER_TYPE_ID`),
  KEY `USER_TABLE_FKIndex4` (`USER_SETTING_ID`),
  CONSTRAINT `fk_?15088E1B?AC75?4136?BE48?8B120B01B952?` FOREIGN KEY (`USER_SETTING_ID`) REFERENCES `user_setting` (`ID`) ON DELETE NO ACTION ON UPDATE NO ACTION,
  CONSTRAINT `fk_?46C82E7A?345E?48BB?9ED4?648E3F3405AD?` FOREIGN KEY (`USER_TYPE_ID`) REFERENCES `user_type` (`ID`) ON DELETE NO ACTION ON UPDATE NO ACTION,
  CONSTRAINT `fk_?4D9BD4AC?9A1F?4DB6?9E8A?9CB2C2ACBDF7?` FOREIGN KEY (`PERSONAL_INFORMATION_ID`) REFERENCES `personal_information` (`ID`) ON DELETE NO ACTION ON UPDATE NO ACTION,
  CONSTRAINT `fk_?F5F29746?0833?41D8?AB8D?D2F76D6888A2?` FOREIGN KEY (`LOGIN_ID`) REFERENCES `login` (`ID`) ON DELETE NO ACTION ON UPDATE NO ACTION
) ENGINE=InnoDB AUTO_INCREMENT=7 DEFAULT CHARSET=utf8 PACK_KEYS=0;
/*!40101 SET character_set_client = @saved_cs_client */;

--
-- Dumping data for table `users`
--

LOCK TABLES `users` WRITE;
/*!40000 ALTER TABLE `users` DISABLE KEYS */;
INSERT INTO `users` VALUES (1,1,1,1,1,'2013-03-27',1,'2013-03-27',1),(2,1,2,2,2,'2013-03-27',1,'2013-03-27',1),(3,1,2,3,3,'2013-03-27',1,'2013-03-27',1),(4,1,2,4,4,'2013-03-27',1,'2013-03-27',1),(5,1,3,5,5,'2013-03-27',1,'2013-03-27',1),(6,1,3,6,6,'2013-03-27',1,'2013-03-27',1);
/*!40000 ALTER TABLE `users` ENABLE KEYS */;
UNLOCK TABLES;

--
-- Final view structure for view `current_day_view`
--

/*!50001 DROP TABLE IF EXISTS `current_day_view`*/;
/*!50001 DROP VIEW IF EXISTS `current_day_view`*/;
/*!50001 SET @saved_cs_client          = @@character_set_client */;
/*!50001 SET @saved_cs_results         = @@character_set_results */;
/*!50001 SET @saved_col_connection     = @@collation_connection */;
/*!50001 SET character_set_client      = utf8 */;
/*!50001 SET character_set_results     = utf8 */;
/*!50001 SET collation_connection      = utf8_general_ci */;
/*!50001 CREATE ALGORITHM=UNDEFINED */
/*!50013 DEFINER=`root`@`localhost` SQL SECURITY DEFINER */
/*!50001 VIEW `current_day_view` AS select date_format(`current_hour_view`.`TIMESTAMP_HOUR`,'%Y-%m-%d') AS `TIMESTAMP_DAY`,date_format(`current_hour_view`.`TIMESTAMP_HOUR`,'%d') AS `DAY`,`current_hour_view`.`SYSTEM_ID` AS `SYSTEM_ID`,(sum(`current_hour_view`.`CURRENT_HOUR_KWH`) / 24) AS `CURRENT_DAY_KWH` from `current_hour_view` group by `TIMESTAMP_DAY`,`current_hour_view`.`SYSTEM_ID` */;
/*!50001 SET character_set_client      = @saved_cs_client */;
/*!50001 SET character_set_results     = @saved_cs_results */;
/*!50001 SET collation_connection      = @saved_col_connection */;

--
-- Final view structure for view `current_hour_view`
--

/*!50001 DROP TABLE IF EXISTS `current_hour_view`*/;
/*!50001 DROP VIEW IF EXISTS `current_hour_view`*/;
/*!50001 SET @saved_cs_client          = @@character_set_client */;
/*!50001 SET @saved_cs_results         = @@character_set_results */;
/*!50001 SET @saved_col_connection     = @@collation_connection */;
/*!50001 SET character_set_client      = utf8 */;
/*!50001 SET character_set_results     = utf8 */;
/*!50001 SET collation_connection      = utf8_general_ci */;
/*!50001 CREATE ALGORITHM=UNDEFINED */
/*!50013 DEFINER=`root`@`localhost` SQL SECURITY DEFINER */
/*!50001 VIEW `current_hour_view` AS select `current`.`ID` AS `ID`,date_format(`current`.`TIMESTAMP`,'%Y-%m-%d %H') AS `TIMESTAMP_HOUR`,date_format(`current`.`TIMESTAMP`,'%H') AS `HOUR`,(select `user_system_view`.`SYSTEM_ID` from `user_system_view` where (`current`.`USERS_ID` = `user_system_view`.`USERS_ID`)) AS `SYSTEM_ID`,((sum(`current`.`CURRENT`) * 30) / 1000) AS `CURRENT_HOUR_KWH` from `current` group by `TIMESTAMP_HOUR`,`SYSTEM_ID` */;
/*!50001 SET character_set_client      = @saved_cs_client */;
/*!50001 SET character_set_results     = @saved_cs_results */;
/*!50001 SET collation_connection      = @saved_col_connection */;

--
-- Final view structure for view `rfid_tag_view`
--

/*!50001 DROP TABLE IF EXISTS `rfid_tag_view`*/;
/*!50001 DROP VIEW IF EXISTS `rfid_tag_view`*/;
/*!50001 SET @saved_cs_client          = @@character_set_client */;
/*!50001 SET @saved_cs_results         = @@character_set_results */;
/*!50001 SET @saved_col_connection     = @@collation_connection */;
/*!50001 SET character_set_client      = utf8 */;
/*!50001 SET character_set_results     = utf8 */;
/*!50001 SET collation_connection      = utf8_general_ci */;
/*!50001 CREATE ALGORITHM=UNDEFINED */
/*!50013 DEFINER=`root`@`localhost` SQL SECURITY DEFINER */
/*!50001 VIEW `rfid_tag_view` AS (select `rfid_tag`.`ID` AS `RFID_ID`,`rfid_tag`.`NUMBER` AS `RFID_NUMBER`,`rfid_tag`.`TAG_NAME` AS `RFID_NAME`,`consumption_profile`.`PROFILE_NAME` AS `PROFILE_NAME`,`rfid_authentication`.`USERS_ID` AS `USER_ID`,`rfid_authentication`.`PERMISSION` AS `RFID_PERMISSION` from ((`rfid_tag` join `rfid_authentication` on((`rfid_authentication`.`RFID_TAG_ID` = `rfid_tag`.`ID`))) join `consumption_profile` on((`consumption_profile`.`ID` = `rfid_tag`.`PROFILE_ID`)))) */;
/*!50001 SET character_set_client      = @saved_cs_client */;
/*!50001 SET character_set_results     = @saved_cs_results */;
/*!50001 SET collation_connection      = @saved_col_connection */;

--
-- Final view structure for view `user_system_view`
--

/*!50001 DROP TABLE IF EXISTS `user_system_view`*/;
/*!50001 DROP VIEW IF EXISTS `user_system_view`*/;
/*!50001 SET @saved_cs_client          = @@character_set_client */;
/*!50001 SET @saved_cs_results         = @@character_set_results */;
/*!50001 SET @saved_col_connection     = @@collation_connection */;
/*!50001 SET character_set_client      = utf8 */;
/*!50001 SET character_set_results     = utf8 */;
/*!50001 SET collation_connection      = utf8_general_ci */;
/*!50001 CREATE ALGORITHM=UNDEFINED */
/*!50013 DEFINER=`root`@`localhost` SQL SECURITY DEFINER */
/*!50001 VIEW `user_system_view` AS (select `users`.`ID` AS `USERS_ID`,`login`.`SYSTEM_ID` AS `SYSTEM_ID`,`users`.`USER_TYPE_ID` AS `USER_TYPE_ID` from (`users` join `login` on((`users`.`LOGIN_ID` = `login`.`ID`)))) */;
/*!50001 SET character_set_client      = @saved_cs_client */;
/*!50001 SET character_set_results     = @saved_cs_results */;
/*!50001 SET collation_connection      = @saved_col_connection */;
/*!40103 SET TIME_ZONE=@OLD_TIME_ZONE */;

/*!40101 SET SQL_MODE=@OLD_SQL_MODE */;
/*!40014 SET FOREIGN_KEY_CHECKS=@OLD_FOREIGN_KEY_CHECKS */;
/*!40014 SET UNIQUE_CHECKS=@OLD_UNIQUE_CHECKS */;
/*!40101 SET CHARACTER_SET_CLIENT=@OLD_CHARACTER_SET_CLIENT */;
/*!40101 SET CHARACTER_SET_RESULTS=@OLD_CHARACTER_SET_RESULTS */;
/*!40101 SET COLLATION_CONNECTION=@OLD_COLLATION_CONNECTION */;
/*!40111 SET SQL_NOTES=@OLD_SQL_NOTES */;

-- Dump completed on 2013-11-04 12:32:15
